division,line,station_name,station_latitude,station_longitude,entrance_type,vending,staffing,ada,free_crossover,station_location,geometry,facility_name,location_type,restroom_type,restroom_latitude,restroom_longitude,restroom_open,restroom_accessibility,restroom_changing_stations,restroom_status
BMT,4 Avenue,25th St,40.660397,-73.998091,Stair,YES,FULL,FALSE,FALSE,"(40.660397, -73.998091)","c(-73.998091, 40.660397)",Slope Park Playground,Park,Multi-Stall W/M Restrooms,40.661302,-73.989333,Year Round,Not Accessible,0,1
BMT,4 Avenue,36th St,40.655144,-74.003549,Stair,YES,FULL,FALSE,TRUE,"(40.655144, -74.003549)","c(-74.003549, 40.655144)",Sunset Park Playground,Park,Multi-Stall W/M Restrooms,40.647683,-74.005022,Year Round,Fully Accessible,0,1
BMT,4 Avenue,45th St,40.648939,-74.010006,Stair,YES,FULL,FALSE,TRUE,"(40.648939, -74.010006)","c(-74.010006, 40.648939)",Pena Herrera Playground,Park,Multi-Stall W/M Restrooms,40.649389,-74.012122,Year Round,Not Accessible,0,1
BMT,4 Avenue,53rd St,40.645069,-74.014034,Stair,YES,FULL,FALSE,TRUE,"(40.645069, -74.014034)","c(-74.014034, 40.645069)","Sunset Park Library, BPL",Library,Single-Stall All Gender Restroom(s),40.64592,-74.013631,Year Round,Partially Accessible,1,1
BMT,4 Avenue,59th St,40.641362,-74.017881,Stair,YES,FULL,FALSE,TRUE,"(40.641362, -74.017881)","c(-74.017881, 40.641362)",John Allen Payne Playground,Park,Multi-Stall W/M Restrooms,40.639783,-74.023575,Seasonal,Not Accessible,0,1
BMT,4 Avenue,77th St,40.629742,-74.02551,Stair,YES,FULL,FALSE,TRUE,"(40.629742, -74.02551)","c(-74.02551, 40.629742)","Bay Ridge Library, BPL",Library,Both Single-Stall All Gender and Multi-Stall W/M,40.633634,-74.02954,Year Round,Fully Accessible,1,1
BMT,4 Avenue,86th St,40.622687,-74.028398,Stair,YES,FULL,FALSE,TRUE,"(40.622687, -74.028398)","c(-74.028398, 40.622687)","Fort Hamilton Library, BPL",Library,Single-Stall All Gender Restroom(s),40.616381,-74.031371,Year Round,Fully Accessible,1,1
BMT,4 Avenue,95th St,40.616622,-74.030876,Stair,YES,FULL,FALSE,TRUE,"(40.616622, -74.030876)","c(-74.030876, 40.616622)","Fort Hamilton Library, BPL",Library,Single-Stall All Gender Restroom(s),40.616381,-74.031371,Year Round,Fully Accessible,1,1
BMT,4 Avenue,9th St,40.670847,-73.988302,Stair,YES,FULL,FALSE,TRUE,"(40.670847, -73.988302)","c(-73.988302, 40.670847)",Washington Park,Park,,40.672998,-73.984618,Year Round,,0,1
BMT,4 Avenue,Atlantic Av-Barclays Ctr,40.683666,-73.97881,Elevator,YES,FULL,TRUE,TRUE,"(40.683666, -73.97881)","c(-73.97881, 40.683666)","Pacific Library, BPL",Library,Both Single-Stall All Gender and Multi-Stall W/M,40.683475,-73.978585,Year Round,Partially Accessible,1,1
BMT,4 Avenue,Bay Ridge Av,40.634967,-74.023377,Stair,YES,FULL,FALSE,TRUE,"(40.634967, -74.023377)","c(-74.023377, 40.634967)",Millennium Playground,Park,Multi-Stall W/M Restrooms,40.635483,-74.019348,Seasonal,Not Accessible,0,1
BMT,4 Avenue,DeKalb Av,40.690635,-73.981824,Elevator,YES,FULL,TRUE,TRUE,"(40.690635, -73.981824)","c(-73.981824, 40.690635)",Fort Greene Playground,Park,Multi-Stall W/M Restrooms,40.692339,-73.977224,Year Round,Fully Accessible,0,1
BMT,4 Avenue,Pacific St,40.683666,-73.97881,Stair,YES,FULL,TRUE,TRUE,"(40.683666, -73.97881)","c(-73.97881, 40.683666)","Pacific Library, BPL",Library,Both Single-Stall All Gender and Multi-Stall W/M,40.683475,-73.978585,Year Round,Partially Accessible,1,1
BMT,4 Avenue,Prospect Av,40.665414,-73.992872,Stair,YES,FULL,FALSE,FALSE,"(40.665414, -73.992872)","c(-73.992872, 40.665414)",Slope Park Playground,Park,Multi-Stall W/M Restrooms,40.661302,-73.989333,Year Round,Not Accessible,0,1
BMT,4 Avenue,Union St,40.677316,-73.98311,Stair,YES,FULL,FALSE,FALSE,"(40.677316, -73.98311)","c(-73.98311, 40.677316)",Park Slope Playground,Park,Multi-Stall W/M Restrooms,40.677033,-73.978523,Seasonal,Partially Accessible,0,1
IRT,42nd St Shuttle,Grand Central,40.752769,-73.979189,Easement,YES,NONE,TRUE,TRUE,"(40.752769, -73.979189)","c(-73.979189, 40.752769)",120 Park Avenue POPS,Privately Owned Public Space,Single-Stall All Gender Restroom(s),40.751936,-73.978306,Year Round,Fully Accessible,0,1
IRT,42nd St Shuttle,Times Square,40.755983,-73.986229,Stair,YES,NONE,FALSE,TRUE,"(40.755983, -73.986229)","c(-73.986229, 40.755983)",Bryant Park,Park,Multi-Stall W/M Restrooms,40.754039,-73.982655,Year Round,,0,1
IND,6 Avenue,14th St,40.738228,-73.996209,Stair,YES,FULL,FALSE,TRUE,"(40.738228, -73.996209)","c(-73.996209, 40.738228)","Andrew Heiskell Braille and Talking Book Library, NYPL",Library,Both Single-Stall All Gender and Multi-Stall W/M,40.740474,-73.993358,Year Round,Fully Accessible,0,1
IND,6 Avenue,23rd St,40.742878,-73.992821,Stair,YES,FULL,FALSE,FALSE,"(40.742878, -73.992821)","c(-73.992821, 40.742878)","Andrew Heiskell Braille and Talking Book Library, NYPL",Library,Both Single-Stall All Gender and Multi-Stall W/M,40.740474,-73.993358,Year Round,Fully Accessible,0,1
IND,6 Avenue,2nd Av,40.723402,-73.989938,Stair,YES,FULL,FALSE,TRUE,"(40.723402, -73.989938)","c(-73.989938, 40.723402)",Houston St Playground,Park,Multi-Stall W/M Restrooms,40.722443,-73.991187,Year Round,Fully Accessible,0,1
IND,6 Avenue,34th St,40.749719,-73.987823,Elevator,YES,FULL,TRUE,TRUE,"(40.749719, -73.987823)","c(-73.987823, 40.749719)",Herald Square,Park,Multi-Stall All Gender Restrooms,40.750455,-73.987505,Year Round,Fully Accessible,0,1
IND,6 Avenue,42nd St,40.754222,-73.984569,Easement,YES,FULL,FALSE,TRUE,"(40.754222, -73.984569)","c(-73.984569, 40.754222)",Bryant Park,Park,Multi-Stall W/M Restrooms,40.754039,-73.982655,Year Round,,0,1
IND,6 Avenue,47-50th Sts Rockefeller Center,40.758663,-73.981329,Easement,YES,FULL,TRUE,TRUE,"(40.758663, -73.981329)","c(-73.981329, 40.758663)",575 Fifth Avenue POPS,Privately Owned Public Space,Multi-Stall W/M Restrooms,40.756276,-73.978243,Year Round,Fully Accessible,1,1
IND,6 Avenue,4th Av,40.670272,-73.989779,Door,YES,FULL,FALSE,TRUE,"(40.670272, -73.989779)","c(-73.989779, 40.670272)",Washington Park,Park,,40.672998,-73.984618,Year Round,,0,1
IND,6 Avenue,57th St,40.763972,-73.97745,Stair,YES,FULL,FALSE,TRUE,"(40.763972, -73.97745)","c(-73.97745, 40.763972)","53rd Street Library, NYPL",Library,Both Single-Stall All Gender and Multi-Stall W/M,40.760815,-73.977365,Year Round,Fully Accessible,0,1
IND,6 Avenue,7th Av,40.666271,-73.980305,Stair,NO,FULL,FALSE,TRUE,"(40.666271, -73.980305)","c(-73.980305, 40.666271)","Park Slope Library, BPL",Library,Single-Stall All Gender Restroom(s),40.668243,-73.983457,Year Round,Fully Accessible,1,1
IND,6 Avenue,Bergen St,40.686145,-73.990862,Stair,YES,FULL,FALSE,FALSE,"(40.686145, -73.990862)","c(-73.990862, 40.686145)",Nicholas Naquan Heyward Jr. Park,Park,Multi-Stall W/M Restrooms,40.684691,-73.987809,Year Round,Not Accessible,0,1
IND,6 Avenue,Broadway-Lafayette St,40.725297,-73.996204,Stair,YES,FULL,FALSE,TRUE,"(40.725297, -73.996204)","c(-73.996204, 40.725297)","Mulberry Street Library, NYPL",Library,Both Single-Stall All Gender and Multi-Stall W/M,40.724148,-73.995686,Future,Fully Accessible,,0
IND,6 Avenue,Carroll St,40.680303,-73.995048,Stair,YES,FULL,FALSE,TRUE,"(40.680303, -73.995048)","c(-73.995048, 40.680303)",Carroll Park,Park,Multi-Stall W/M Restrooms,40.680873,-73.994773,Year Round,Not Accessible,0,1
IND,6 Avenue,Church Av,40.644041,-73.979678,Stair,YES,FULL,TRUE,TRUE,"(40.644041, -73.979678)","c(-73.979678, 40.644041)",Albemarle Playground,Park,Multi-Stall W/M Restrooms,40.646035,-73.980514,Year Round,Fully Accessible,0,1
IND,6 Avenue,Delancey St,40.718611,-73.988114,Stair,YES,FULL,FALSE,TRUE,"(40.718611, -73.988114)","c(-73.988114, 40.718611)",Allen Street Malls,Park,,40.719552,-73.990206,,,0,0
IND,6 Avenue,East Broadway,40.713715,-73.990173,Stair,YES,FULL,FALSE,TRUE,"(40.713715, -73.990173)","c(-73.990173, 40.713715)",Seward Park,Park,Multi-Stall W/M Restrooms,40.714723,-73.989061,Year Round,Fully Accessible,0,1
IND,6 Avenue,Fort Hamilton Parkway,40.650782,-73.975776,Stair,YES,FULL,FALSE,TRUE,"(40.650782, -73.975776)","c(-73.975776, 40.650782)",Greenwood Playground,Park,Multi-Stall W/M Restrooms,40.650466,-73.97658,Year Round,Not Accessible,0,1
IND,6 Avenue,Grand St,40.718267,-73.993753,Stair,YES,FULL,FALSE,TRUE,"(40.718267, -73.993753)","c(-73.993753, 40.718267)",Sara D. Roosevelt Park,Park,Multi-Stall W/M Restrooms,40.718813,-73.993045,Year Round,Fully Accessible,0,1
IND,6 Avenue,Prospect Park-15 St,40.660365,-73.979493,Stair,YES,FULL,FALSE,TRUE,"(40.660365, -73.979493)","c(-73.979493, 40.660365)",Harmony Playground,Park,Multi-Stall W/M Restrooms,40.663406,-73.976656,Seasonal,Not Accessible,0,1
IND,6 Avenue,Smith-9th St,40.67358,-73.995959,Door,YES,FULL,FALSE,TRUE,"(40.67358, -73.995959)","c(-73.995959, 40.67358)",Carroll Park,Park,Multi-Stall W/M Restrooms,40.680873,-73.994773,Year Round,Not Accessible,0,1
IND,6 Avenue,York St,40.699743,-73.986885,Stair,YES,FULL,FALSE,TRUE,"(40.699743, -73.986885)","c(-73.986885, 40.699743)",Susan Smith McKinney Steward Park,Park,Multi-Stall W/M Restrooms,40.700773,-73.985472,Year Round,Not Accessible,0,1
IND,63rd Street,21st St,40.754203,-73.942836,Elevator,YES,FULL,TRUE,TRUE,"(40.754203, -73.942836)","c(-73.942836, 40.754203)","Queensbridge Tech Lab Library, QPL",Library,Single-Stall All Gender Restroom(s),40.754953,-73.944111,Year Round,,0,1
IND,63rd Street,Lexington Av,40.764627,-73.96611,Elevator,YES,FULL,TRUE,TRUE,"(40.764627, -73.96611)","c(-73.96611, 40.764627)","58th Street Library, NYPL",Library,Single-Stall All Gender Restroom(s),40.762194,-73.969383,Year Round,Partially Accessible,0,1
IND,63rd Street,Roosevelt Island,40.759145,-73.95326,Door,YES,FULL,TRUE,TRUE,"(40.759145, -73.95326)","c(-73.95326, 40.759145)",Twenty-Four Sycamores Park,Park,Multi-Stall W/M Restrooms,40.759419,-73.958863,Year Round,Fully Accessible,0,1
IND,8 Avenue,103rd St,40.796092,-73.961454,Stair,YES,FULL,FALSE,TRUE,"(40.796092, -73.961454)","c(-73.961454, 40.796092)",The Great Hill,Park,Multi-Stall W/M Restrooms,40.797329,-73.959063,Seasonal,Not Accessible,0,1
IND,8 Avenue,116th St,40.805085,-73.954882,Stair,YES,FULL,FALSE,FALSE,"(40.805085, -73.954882)","c(-73.954882, 40.805085)","Harry Belafonte 115th Street Library, NYPL",Library,Both Single-Stall All Gender and Multi-Stall W/M,40.802988,-73.953532,Year Round,Fully Accessible,,1
IND,8 Avenue,125th St,40.811109,-73.952343,Stair,YES,FULL,FALSE,TRUE,"(40.811109, -73.952343)","c(-73.952343, 40.811109)",St. Nicholas Park,Park,Multi-Stall W/M Restrooms,40.813711,-73.950928,Year Round,Not Accessible,0,1
IND,8 Avenue,135th St,40.817894,-73.947649,Stair,YES,FULL,FALSE,FALSE,"(40.817894, -73.947649)","c(-73.947649, 40.817894)",St. Nicholas Park,Park,Multi-Stall W/M Restrooms,40.815639,-73.94903,Year Round,Not Accessible,0,1
IND,8 Avenue,145th St,40.824783,-73.944216,Stair,YES,FULL,FALSE,TRUE,"(40.824783, -73.944216)","c(-73.944216, 40.824783)",Playground One Forty Nine CIL,Park,Both Single-Stall All Gender and Multi-Stall W/M,40.82591,-73.941282,Seasonal,Fully Accessible,0,1
IND,8 Avenue,155th St,40.830518,-73.941514,Stair,YES,FULL,FALSE,TRUE,"(40.830518, -73.941514)","c(-73.941514, 40.830518)",Wright Brothers Playground,Park,Multi-Stall W/M Restrooms,40.831692,-73.9416,Year Round,Fully Accessible,0,1
IND,8 Avenue,163rd St - Amsterdam Av,40.836013,-73.939892,Stair,YES,FULL,FALSE,FALSE,"(40.836013, -73.939892)","c(-73.939892, 40.836013)","Washington Heights Library, NYPL",Library,Single-Stall All Gender Restroom(s),40.834557,-73.939712,Year Round,Fully Accessible,1,1
IND,8 Avenue,168th St - Washington Heights,40.840719,-73.939561,Stair,YES,FULL,TRUE,TRUE,"(40.840719, -73.939561)","c(-73.939561, 40.840719)",Audubon Playground,Park,Multi-Stall W/M Restrooms,40.841674,-73.937926,Year Round,Fully Accessible,0,1
IND,8 Avenue,175th St,40.847391,-73.939704,Elevator,YES,FULL,TRUE,TRUE,"(40.847391, -73.939704)","c(-73.939704, 40.847391)",J. Hood Wright Park,Park,,40.846453,-73.940764,Year Round,,0,1
IND,8 Avenue,181st St,40.851695,-73.937969,Door,YES,FULL,FALSE,TRUE,"(40.851695, -73.937969)","c(-73.937969, 40.851695)",Bennett Park,Park,Multi-Stall W/M Restrooms,40.853219,-73.937948,Seasonal,Not Accessible,0,1
IND,8 Avenue,190th St,40.859022,-73.93418,Door,YES,FULL,FALSE,TRUE,"(40.859022, -73.93418)","c(-73.93418, 40.859022)",Dyckman Marina Restaurant,Park,,40.860769,-73.93276,Seasonal,,0,0
IND,8 Avenue,50th St,40.762456,-73.985984,Easement,YES,FULL,TRUE,FALSE,"(40.762456, -73.985984)","c(-73.985984, 40.762456)",825 Eighth Avenue POPS,Privately Owned Public Space,Single-Stall All Gender Restroom(s),40.762238,-73.986944,Year Round,Fully Accessible,0,1
IND,8 Avenue,72nd St,40.775594,-73.97641,Stair,YES,FULL,FALSE,TRUE,"(40.775594, -73.97641)","c(-73.97641, 40.775594)",Sheep Meadow,Park,Multi-Stall W/M Restrooms,40.773046,-73.974392,Year Round,Fully Accessible,0,1
IND,8 Avenue,81st St - Museum of Natural History,40.781433,-73.972143,Stair,YES,FULL,FALSE,TRUE,"(40.781433, -73.972143)","c(-73.972143, 40.781433)",Belvedere Castle,Park,Multi-Stall W/M Restrooms,40.780427,-73.969136,Year Round,Fully Accessible,0,1
IND,8 Avenue,96th St,40.791646,-73.964699,Stair,YES,FULL,FALSE,TRUE,"(40.791646, -73.964699)","c(-73.964699, 40.791646)",Northwest Reservoir,Park,Multi-Stall W/M Restrooms,40.789439,-73.961894,Year Round,Not Accessible,0,1
IND,8 Avenue,Broadway-Nassau,40.710197,-74.007691,Easement,YES,FULL,FALSE,TRUE,"(40.710197, -74.007691)","c(-74.007691, 40.710197)",Fulton St (A-C) MTA Restroom,Transit,,40.710532,-74.009096,Year Round,,0,1
IND,8 Avenue,Canal St,40.720824,-74.005229,Stair,YES,FULL,FALSE,TRUE,"(40.720824, -74.005229)","c(-74.005229, 40.720824)",Vesuvio Playground,Park,Multi-Stall W/M Restrooms,40.725625,-74.002495,Seasonal,Fully Accessible,0,1
IND,8 Avenue,Cathedral Parkway-110th St,40.800605,-73.958158,Stair,YES,FULL,FALSE,TRUE,"(40.800605, -73.958158)","c(-73.958158, 40.800605)",Morningside Park Zone 1,Park,Multi-Stall W/M Restrooms,40.802468,-73.959038,,Not Accessible,0,0
IND,8 Avenue,Chambers St,40.714111,-74.008585,Stair,YES,FULL,FALSE,TRUE,"(40.714111, -74.008585)","c(-74.008585, 40.714111)","New Amsterdam Library, NYPL",Library,Single-Stall All Gender Restroom(s),40.713585,-74.007871,Year Round,Fully Accessible,1,1
IND,8 Avenue,Dyckman St-200th St,40.865491,-73.927271,Easement,YES,FULL,FALSE,TRUE,"(40.865491, -73.927271)","c(-73.927271, 40.865491)",Anne Loftus Playground,Park,Multi-Stall W/M Restrooms,40.86512,-73.929484,Year Round,Not Accessible,0,1
IND,8 Avenue,High St,40.699337,-73.990531,Stair,YES,FULL,FALSE,TRUE,"(40.699337, -73.990531)","c(-73.990531, 40.699337)",Cadman Plaza Park,Park,Multi-Stall W/M Restrooms,40.698452,-73.990628,Year Round,Fully Accessible,0,1
IND,8 Avenue,Inwood - 207th St,40.868072,-73.919899,Elevator,YES,FULL,TRUE,TRUE,"(40.868072, -73.919899)","c(-73.919899, 40.868072)",Inwood Hill Park Zone 1,Park,Multi-Stall W/M Restrooms,40.870299,-73.921423,Year Round,Not Accessible,0,1
IND,8 Avenue,Spring St,40.726227,-74.003739,Stair,YES,FULL,FALSE,TRUE,"(40.726227, -74.003739)","c(-74.003739, 40.726227)",Vesuvio Playground,Park,Multi-Stall W/M Restrooms,40.725625,-74.002495,Seasonal,Fully Accessible,0,1
IND,8 Avenue,West 4th St,40.732338,-74.000495,Elevator,YES,FULL,TRUE,TRUE,"(40.732338, -74.000495)","c(-74.000495, 40.732338)",Washington Square Park Western Half,Park,Multi-Stall W/M Restrooms,40.73075,-73.998309,Year Round,Partially Accessible,0,1
IND,8 Avenue,World Trade Center,40.712582,-74.009781,Stair,YES,FULL,TRUE,TRUE,"(40.712582, -74.009781)","c(-74.009781, 40.712582)","New Amsterdam Library, NYPL",Library,Single-Stall All Gender Restroom(s),40.713585,-74.007871,Year Round,Fully Accessible,1,1
IND,Archer Av,Jamaica-Van Wyck,40.702566,-73.816859,Elevator,YES,FULL,FALSE,TRUE,"(40.702566, -73.816859)","c(-73.816859, 40.702566)",Howard Von Dohlen Playground,Park,Multi-Stall W/M Restrooms,40.69965,-73.813089,Year Round,Fully Accessible,0,1
IND,Archer Av,Parsons Blvd-Archer Av - Jamaica Center,40.702147,-73.801109,Elevator,YES,FULL,TRUE,TRUE,"(40.702147, -73.801109)","c(-73.801109, 40.702147)",Rufus King Park,Park,Multi-Stall W/M Restrooms,40.703339,-73.803382,Year Round,Fully Accessible,0,1
IND,Archer Av,Sutphin Blvd-Archer Av - JFK,40.700486,-73.807969,Stair,YES,FULL,TRUE,TRUE,"(40.700486, -73.807969)","c(-73.807969, 40.700486)",Jamaica LIRR Restroom,Transit,,40.699608,-73.808531,Year Round,,0,1
BMT,Astoria,30 Av-Grand Av,40.766779,-73.921479,Stair,YES,FULL,FALSE,TRUE,"(40.766779, -73.921479)","c(-73.921479, 40.766779)",Athens Square,Park,Both Single-Stall All Gender and Multi-Stall W/M,40.768009,-73.921874,Year Round,Fully Accessible,0,1
BMT,Astoria,36 Av-Washington Av,40.756804,-73.929575,Stair,YES,FULL,FALSE,TRUE,"(40.756804, -73.929575)","c(-73.929575, 40.756804)",Dutch Kills Playground,Park,Both Single-Stall All Gender and Multi-Stall W/M,40.75774,-73.93347,Year Round,Fully Accessible,0,1
BMT,Astoria,39 Av-Beebe Av,40.752882,-73.932755,Stair,YES,FULL,FALSE,TRUE,"(40.752882, -73.932755)","c(-73.932755, 40.752882)",Dutch Kills Playground,Park,Both Single-Stall All Gender and Multi-Stall W/M,40.75774,-73.93347,Year Round,Fully Accessible,0,1
BMT,Astoria,Astoria Blvd-Hoyt Av,40.770258,-73.917843,Stair,YES,FULL,FALSE,TRUE,"(40.770258, -73.917843)","c(-73.917843, 40.770258)",Athens Square,Park,Both Single-Stall All Gender and Multi-Stall W/M,40.768009,-73.921874,Year Round,Fully Accessible,0,1
BMT,Astoria,Broadway,40.76182,-73.925508,Stair,YES,FULL,FALSE,TRUE,"(40.76182, -73.925508)","c(-73.925508, 40.76182)","Broadway Library, QPL",Library,,40.758538,-73.918625,Year Round,,0,0
BMT,Astoria,Ditmars Blvd,40.775036,-73.912034,Stair,YES,FULL,FALSE,TRUE,"(40.775036, -73.912034)","c(-73.912034, 40.775036)","Steinway Library, QPL",Library,Single-Stall All Gender Restroom(s),40.776835,-73.909458,Year Round,,1,1
BMT,Brighton,Atlantic Av,40.68446,-73.97689,Easement,YES,NONE,TRUE,TRUE,"(40.68446, -73.97689)","c(-73.97689, 40.68446)",Atlantic Ave Terminal LIRR Restroom,Transit,,40.684909,-73.977681,Year Round,,0,1
BMT,Brighton,Av H,40.62927,-73.961639,Door,YES,FULL,FALSE,TRUE,"(40.62927, -73.961639)","c(-73.961639, 40.62927)","Midwood Library, BPL",Library,Single-Stall All Gender Restroom(s),40.625902,-73.960316,Year Round,Partially Accessible,1,1
BMT,Brighton,Av J,40.625039,-73.960803,Door,YES,FULL,FALSE,TRUE,"(40.625039, -73.960803)","c(-73.960803, 40.625039)","Midwood Library, BPL",Library,Single-Stall All Gender Restroom(s),40.625902,-73.960316,Year Round,Partially Accessible,1,1
BMT,Brighton,Av M,40.617618,-73.959399,Door,YES,FULL,FALSE,TRUE,"(40.617618, -73.959399)","c(-73.959399, 40.617618)",Kolbert Playground,Park,Multi-Stall W/M Restrooms,40.620351,-73.958039,Year Round,Not Accessible,0,1
BMT,Brighton,Av U,40.5993,-73.955929,Door,YES,FULL,FALSE,TRUE,"(40.5993, -73.955929)","c(-73.955929, 40.5993)",Mellett Playground,Park,Multi-Stall W/M Restrooms,40.597078,-73.957392,Year Round,Not Accessible,0,1
BMT,Brighton,Beverly Rd,40.644031,-73.964492,Door,YES,FULL,FALSE,TRUE,"(40.644031, -73.964492)","c(-73.964492, 40.644031)","Cortelyou Library, BPL",Library,Single-Stall All Gender Restroom(s),40.640812,-73.965966,Year Round,Fully Accessible,0,1
BMT,Brighton,Brighton Beach,40.577621,-73.961376,Escalator,YES,FULL,FALSE,TRUE,"(40.577621, -73.961376)","c(-73.961376, 40.577621)",Coney Island Beach Zone 2a,Park,Multi-Stall W/M Restrooms,40.574934,-73.959762,Year Round,Fully Accessible,0,1
BMT,Brighton,Cortelyou Rd,40.640927,-73.963891,Door,YES,FULL,FALSE,TRUE,"(40.640927, -73.963891)","c(-73.963891, 40.640927)","Cortelyou Library, BPL",Library,Single-Stall All Gender Restroom(s),40.640812,-73.965966,Year Round,Fully Accessible,0,1
BMT,Brighton,Kings Highway,40.60867,-73.957734,Door,YES,FULL,FALSE,TRUE,"(40.60867, -73.957734)","c(-73.957734, 40.60867)","Kings Highway Library, BPL",Library,Both Single-Stall All Gender and Multi-Stall W/M,40.610265,-73.953107,Year Round,Fully Accessible,1,1
BMT,Brighton,Neck Rd,40.595246,-73.955161,Door,YES,FULL,FALSE,TRUE,"(40.595246, -73.955161)","c(-73.955161, 40.595246)",Mellett Playground,Park,Multi-Stall W/M Restrooms,40.597078,-73.957392,Year Round,Not Accessible,0,1
BMT,Brighton,Newkirk Av,40.635082,-73.962793,Door,YES,FULL,FALSE,TRUE,"(40.635082, -73.962793)","c(-73.962793, 40.635082)","Cortelyou Library, BPL",Library,Single-Stall All Gender Restroom(s),40.640812,-73.965966,Year Round,Fully Accessible,0,1
BMT,Brighton,Ocean Parkway,40.576312,-73.968501,Stair,YES,FULL,FALSE,TRUE,"(40.576312, -73.968501)","c(-73.968501, 40.576312)","Brighton Beach Library, BPL",Library,Both Single-Stall All Gender and Multi-Stall W/M,40.576116,-73.966776,Year Round,Fully Accessible,1,1
BMT,Brighton,Parkside Av,40.655292,-73.961495,Door,YES,FULL,FALSE,TRUE,"(40.655292, -73.961495)","c(-73.961495, 40.655292)",Prospect Park Lakeside Center,Park,,40.657069,-73.96418,Year Round,,0,1
BMT,Brighton,Prospect Park,40.661614,-73.962246,Door,YES,FULL,TRUE,TRUE,"(40.661614, -73.962246)","c(-73.962246, 40.661614)",Lincoln Road Playground,Park,Multi-Stall W/M Restrooms,40.660477,-73.9636,Year Round,Not Accessible,0,1
BMT,Brighton,Sheepshead Bay,40.586896,-73.954155,Door,YES,FULL,FALSE,TRUE,"(40.586896, -73.954155)","c(-73.954155, 40.586896)","Sheepshead Bay Library, BPL",Library,Multi-Stall W/M Restrooms,40.587022,-73.955375,Year Round,Partially Accessible,0,1
BMT,Brighton,Stillwell Av,40.577422,-73.981233,Stair,YES,NONE,TRUE,TRUE,"(40.577422, -73.981233)","c(-73.981233, 40.577422)",Luna Playground,Park,Multi-Stall W/M Restrooms,40.576065,-73.978825,,Not Accessible,0,0
BMT,Brighton,West 8th St,40.576127,-73.975939,Ramp,NO,NONE,FALSE,TRUE,"(40.576127, -73.975939)","c(-73.975939, 40.576127)",Luna Playground,Park,Multi-Stall W/M Restrooms,40.576065,-73.978825,,Not Accessible,0,0
BMT,Broadway,28th St,40.745494,-73.988691,Stair,YES,FULL,FALSE,FALSE,"(40.745494, -73.988691)","c(-73.988691, 40.745494)",Greeley Square Park,Park,Multi-Stall All Gender Restrooms,40.748533,-73.98846,Year Round,Fully Accessible,0,1
BMT,Broadway,49th St,40.759901,-73.984139,Stair,YES,FULL,TRUE,FALSE,"(40.759901, -73.984139)","c(-73.984139, 40.759901)",825 Eighth Avenue POPS,Privately Owned Public Space,Single-Stall All Gender Restroom(s),40.762238,-73.986944,Year Round,Fully Accessible,0,1
BMT,Broadway,5th Av,40.764811,-73.973347,Stair,YES,FULL,FALSE,TRUE,"(40.764811, -73.973347)","c(-73.973347, 40.764811)",725 Fifth Avenue POPS,Privately Owned Public Space,Multi-Stall W/M Restrooms,40.762319,-73.973895,Year Round,,,1
BMT,Broadway,8th St,40.730328,-73.992629,Stair,YES,FULL,FALSE,FALSE,"(40.730328, -73.992629)","c(-73.992629, 40.730328)","Ottendorfer Library, NYPL",Library,Single-Stall All Gender Restroom(s),40.728915,-73.987744,Year Round,Not Accessible,1,1
BMT,Broadway,Canal St (UL),40.719527,-74.001775,Stair,YES,NONE,FALSE,TRUE,"(40.719527, -74.001775)","c(-74.001775, 40.719527)",Columbus Park,Park,,40.715914,-73.999816,Year Round,,0,1
BMT,Broadway,City Hall,40.713282,-74.006978,Stair,YES,FULL,FALSE,TRUE,"(40.713282, -74.006978)","c(-74.006978, 40.713282)","New Amsterdam Library, NYPL",Library,Single-Stall All Gender Restroom(s),40.713585,-74.007871,Year Round,Fully Accessible,1,1
BMT,Broadway,Cortlandt St,40.710668,-74.011029,Stair,NO,FULL,FALSE,TRUE,"(40.710668, -74.011029)","c(-74.011029, 40.710668)",Fulton St (A-C) MTA Restroom,Transit,,40.710532,-74.009096,Year Round,,0,1
BMT,Broadway,Court St,40.6941,-73.991777,Stair,YES,NONE,FALSE,TRUE,"(40.6941, -73.991777)","c(-73.991777, 40.6941)","Center for Brooklyn History, BPL",Library,Single-Stall All Gender Restroom(s),40.694811,-73.992406,Year Round,Fully Accessible,1,1
BMT,Broadway,Lawrence St,40.69218,-73.985942,Stair,YES,FULL,FALSE,TRUE,"(40.69218, -73.985942)","c(-73.985942, 40.69218)",McLaughlin Park,Park,Multi-Stall W/M Restrooms,40.696674,-73.986049,Year Round,Not Accessible,0,1
BMT,Broadway,Prince St,40.724329,-73.997702,Stair,YES,FULL,FALSE,FALSE,"(40.724329, -73.997702)","c(-73.997702, 40.724329)","Mulberry Street Library, NYPL",Library,Both Single-Stall All Gender and Multi-Stall W/M,40.724148,-73.995686,Future,Fully Accessible,,0
BMT,Broadway,Rector St,40.70722,-74.013342,Stair,YES,FULL,FALSE,FALSE,"(40.70722, -74.013342)","c(-74.013342, 40.70722)",Battery Park Zone 1,Park,,40.704414,-74.015876,Year Round,,0,1
BMT,Broadway,Times Square-42nd St,40.754672,-73.986754,Stair,YES,NONE,TRUE,TRUE,"(40.754672, -73.986754)","c(-73.986754, 40.754672)",Bryant Park,Park,Multi-Stall W/M Restrooms,40.754039,-73.982655,Year Round,,0,1
BMT,Broadway,Union Square,40.735736,-73.990568,Stair,YES,FULL,TRUE,TRUE,"(40.735736, -73.990568)","c(-73.990568, 40.735736)",Union Square Park,Park,,40.736447,-73.98992,Year Round,,0,1
BMT,Broadway,Whitehall St,40.703087,-74.012994,Stair,NO,FULL,FALSE,TRUE,"(40.703087, -74.012994)","c(-74.012994, 40.703087)",Battery Park Zone 2,Park,,40.701399,-74.015021,Year Round,,0,1
BMT,Broadway Jamaica,104th St-102nd St,40.695178,-73.84433,Stair,YES,FULL,FALSE,TRUE,"(40.695178, -73.84433)","c(-73.84433, 40.695178)",Jackson Pond Playground,Park,Multi-Stall W/M Restrooms,40.701114,-73.842982,Seasonal,Not Accessible,0,1
BMT,Broadway Jamaica,111th St,40.697418,-73.836345,Stair,YES,FULL,FALSE,TRUE,"(40.697418, -73.836345)","c(-73.836345, 40.697418)","Richmond Hill Library, QPL",Library,Single-Stall All Gender Restroom(s),40.700806,-73.831644,Year Round,,1,1
BMT,Broadway Jamaica,121st St,40.700492,-73.828294,Stair,YES,FULL,FALSE,TRUE,"(40.700492, -73.828294)","c(-73.828294, 40.700492)","Richmond Hill Library, QPL",Library,Single-Stall All Gender Restroom(s),40.700806,-73.831644,Year Round,,1,1
BMT,Broadway Jamaica,Alabama Av,40.676992,-73.898654,Stair,YES,FULL,FALSE,TRUE,"(40.676992, -73.898654)","c(-73.898654, 40.676992)",Highland Park Zone 2,Park,Multi-Stall W/M Restrooms,40.683161,-73.892925,Year Round,Not Accessible,0,0
BMT,Broadway Jamaica,Chauncey St,40.682893,-73.910456,Stair,YES,FULL,FALSE,TRUE,"(40.682893, -73.910456)","c(-73.910456, 40.682893)",Marion Hopkinson Playground,Park,Multi-Stall W/M Restrooms,40.681851,-73.913359,Year Round,Fully Accessible,0,1
BMT,Broadway Jamaica,Cleveland St,40.679947,-73.884639,Stair,YES,FULL,FALSE,TRUE,"(40.679947, -73.884639)","c(-73.884639, 40.679947)","Arlington Library, BPL",Library,Single-Stall All Gender Restroom(s),40.680698,-73.887239,Year Round,Fully Accessible,1,1
BMT,Broadway Jamaica,Crescent St,40.683194,-73.873785,Stair,YES,FULL,FALSE,TRUE,"(40.683194, -73.873785)","c(-73.873785, 40.683194)",City Line Park,Park,Multi-Stall W/M Restrooms,40.67953,-73.876243,Seasonal,Fully Accessible,0,1
BMT,Broadway Jamaica,Cypress Hills,40.689941,-73.87255,Stair,YES,FULL,FALSE,TRUE,"(40.689941, -73.87255)","c(-73.87255, 40.689941)","Woodhaven Library, QPL",Library,Single-Stall All Gender Restroom(s),40.694539,-73.861459,Year Round,,1,1
BMT,Broadway Jamaica,Elderts Lane-75th St,40.691324,-73.867139,Stair,YES,FULL,FALSE,TRUE,"(40.691324, -73.867139)","c(-73.867139, 40.691324)","Woodhaven Library, QPL",Library,Single-Stall All Gender Restroom(s),40.694539,-73.861459,Year Round,,1,1
BMT,Broadway Jamaica,Flushing Av,40.70026,-73.941126,Elevator,YES,FULL,TRUE,TRUE,"(40.70026, -73.941126)","c(-73.941126, 40.70026)",Bushwick Playground,Park,Multi-Stall W/M Restrooms,40.701712,-73.939483,Year Round,Fully Accessible,0,1
BMT,Broadway Jamaica,Forest Parkway-85th St,40.692435,-73.86001,Stair,YES,FULL,FALSE,TRUE,"(40.692435, -73.86001)","c(-73.86001, 40.692435)","Woodhaven Library, QPL",Library,Single-Stall All Gender Restroom(s),40.694539,-73.861459,Year Round,,1,1
BMT,Broadway Jamaica,Gates Av,40.68963,-73.92227,Stair,YES,FULL,FALSE,TRUE,"(40.68963, -73.92227)","c(-73.92227, 40.68963)",P.O. Reinaldo Salgado Playground,Park,Multi-Stall W/M Restrooms,40.687911,-73.925463,Year Round,Not Accessible,0,1
BMT,Broadway Jamaica,Halsey St,40.68637,-73.916559,Stair,YES,FULL,FALSE,TRUE,"(40.68637, -73.916559)","c(-73.916559, 40.68637)","Saratoga Library, BPL",Library,Both Single-Stall All Gender and Multi-Stall W/M,40.684818,-73.915134,Year Round,Fully Accessible,1,1
BMT,Broadway Jamaica,Hewes St,40.70687,-73.953431,Stair,YES,FULL,FALSE,TRUE,"(40.70687, -73.953431)","c(-73.953431, 40.70687)","Williamsburgh Library, BPL",Library,Single-Stall All Gender Restroom(s),40.706939,-73.957556,Year Round,Fully Accessible,1,1
BMT,Broadway Jamaica,Kosciusko St,40.693342,-73.928814,Stair,YES,FULL,FALSE,TRUE,"(40.693342, -73.928814)","c(-73.928814, 40.693342)","DeKalb Library, BPL",Library,Both Single-Stall All Gender and Multi-Stall W/M,40.694825,-73.9284,Year Round,Partially Accessible,1,1
BMT,Broadway Jamaica,Lorimer St,40.703869,-73.947408,Stair,YES,FULL,FALSE,TRUE,"(40.703869, -73.947408)","c(-73.947408, 40.703869)",Sternberg Park,Park,Multi-Stall W/M Restrooms,40.705859,-73.947175,Year Round,Fully Accessible,0,1
BMT,Broadway Jamaica,Marcy Av,40.708359,-73.957757,Elevator,YES,FULL,TRUE,FALSE,"(40.708359, -73.957757)","c(-73.957757, 40.708359)",Williamsburg Bridge Bus Depot APT,Public Plaza,Single-Stall All Gender Restroom(s),40.70918,-73.959219,Year Round,Fully Accessible,0,0
BMT,Broadway Jamaica,Myrtle Av,40.697207,-73.935657,Stair,YES,FULL,FALSE,TRUE,"(40.697207, -73.935657)","c(-73.935657, 40.697207)",Eleanor Roosevelt Playground,Park,Multi-Stall W/M Restrooms,40.692747,-73.935804,Year Round,Fully Accessible,0,1
BMT,Broadway Jamaica,Norwood Av,40.68141,-73.880039,Stair,YES,FULL,FALSE,TRUE,"(40.68141, -73.880039)","c(-73.880039, 40.68141)",City Line Park,Park,Multi-Stall W/M Restrooms,40.67953,-73.876243,Seasonal,Fully Accessible,0,1
BMT,Broadway Jamaica,Van Siclen Av,40.678024,-73.891688,Stair,YES,FULL,FALSE,TRUE,"(40.678024, -73.891688)","c(-73.891688, 40.678024)","Arlington Library, BPL",Library,Single-Stall All Gender Restroom(s),40.680698,-73.887239,Year Round,Fully Accessible,1,1
BMT,Broadway Jamaica,Woodhaven Blvd,40.693879,-73.851576,Stair,YES,FULL,FALSE,TRUE,"(40.693879, -73.851576)","c(-73.851576, 40.693879)",Equity Playground,Park,Multi-Stall W/M Restrooms,40.691385,-73.853623,Year Round,Fully Accessible,0,1
IRT,Broadway-7th Ave,116th St-Columbia University,40.807722,-73.96411,Stair,YES,FULL,FALSE,TRUE,"(40.807722, -73.96411)","c(-73.96411, 40.807722)","Morningside Heights Library, NYPL",Library,Single-Stall All Gender Restroom(s),40.806139,-73.964777,Year Round,Fully Accessible,1,1
IRT,Broadway-7th Ave,137th St-City College,40.822008,-73.953676,Stair,YES,FULL,FALSE,FALSE,"(40.822008, -73.953676)","c(-73.953676, 40.822008)",Jacob H. Schiff Playground,Park,Multi-Stall W/M Restrooms,40.820365,-73.952109,Year Round,Not Accessible,0,1
IRT,Broadway-7th Ave,157th St,40.834041,-73.94489,Stair,YES,FULL,FALSE,FALSE,"(40.834041, -73.94489)","c(-73.94489, 40.834041)",Wright Brothers Playground,Park,Multi-Stall W/M Restrooms,40.831692,-73.9416,Year Round,Fully Accessible,0,1
IRT,Broadway-7th Ave,168th St,40.840556,-73.940133,Stair,YES,NONE,FALSE,TRUE,"(40.840556, -73.940133)","c(-73.940133, 40.840556)",Audubon Playground,Park,Multi-Stall W/M Restrooms,40.841674,-73.937926,Year Round,Fully Accessible,0,1
IRT,Broadway-7th Ave,18th St,40.74104,-73.997871,Stair,YES,FULL,FALSE,FALSE,"(40.74104, -73.997871)","c(-73.997871, 40.74104)","Andrew Heiskell Braille and Talking Book Library, NYPL",Library,Both Single-Stall All Gender and Multi-Stall W/M,40.740474,-73.993358,Year Round,Fully Accessible,0,1
IRT,Broadway-7th Ave,191st St,40.855225,-73.929412,Door,YES,FULL,FALSE,TRUE,"(40.855225, -73.929412)","c(-73.929412, 40.855225)",Wallenberg Playground,Park,Multi-Stall W/M Restrooms,40.852823,-73.927163,Year Round,Not Accessible,0,1
IRT,Broadway-7th Ave,207th St,40.864614,-73.918819,Stair,YES,FULL,FALSE,FALSE,"(40.864614, -73.918819)","c(-73.918819, 40.864614)",Monsignor Kett Playground,Park,Multi-Stall W/M Restrooms,40.862642,-73.920891,,Not Accessible,0,0
IRT,Broadway-7th Ave,215th St,40.869444,-73.915279,Stair,YES,FULL,FALSE,FALSE,"(40.869444, -73.915279)","c(-73.915279, 40.869444)",Inwood Hill Park Zone 1,Park,Multi-Stall W/M Restrooms,40.870299,-73.921423,Year Round,Not Accessible,0,1
IRT,Broadway-7th Ave,231st St,40.878856,-73.904834,Stair,YES,FULL,TRUE,FALSE,"(40.878856, -73.904834)","c(-73.904834, 40.878856)",Marble Hill Playground,Park,Multi-Stall W/M Restrooms,40.877693,-73.907905,Year Round,Fully Accessible,0,1
IRT,Broadway-7th Ave,238th St,40.884667,-73.90087,Stair,YES,FULL,FALSE,FALSE,"(40.884667, -73.90087)","c(-73.90087, 40.884667)",Playground,Park,Multi-Stall W/M Restrooms,40.881137,-73.900773,Year Round,Fully Accessible,0,1
IRT,Broadway-7th Ave,59th St-Columbus Circle,40.768247,-73.981929,Stair,YES,NONE,TRUE,TRUE,"(40.768247, -73.981929)","c(-73.981929, 40.768247)",Central Park West,Park,Multi-Stall W/M Restrooms,40.769186,-73.980801,Seasonal,Fully Accessible,0,1
IRT,Broadway-7th Ave,66th St-Lincoln Center,40.77344,-73.982209,Elevator,YES,FULL,TRUE,TRUE,"(40.77344, -73.982209)","c(-73.982209, 40.77344)",2 Lincoln Square POPS,Privately Owned Public Space,Single-Stall All Gender Restroom(s),40.773165,-73.981429,Year Round,Fully Accessible,1,1
IRT,Broadway-7th Ave,79th St,40.783934,-73.979917,Stair,YES,FULL,FALSE,FALSE,"(40.783934, -73.979917)","c(-73.979917, 40.783934)","St. Agnes Library, NYPL",Library,Single-Stall All Gender Restroom(s),40.784843,-73.977454,Year Round,Fully Accessible,1,1
IRT,Broadway-7th Ave,Christopher St,40.733422,-74.002906,Stair,YES,FULL,FALSE,FALSE,"(40.733422, -74.002906)","c(-74.002906, 40.733422)","Jefferson Market Library, NYPL",Library,Single-Stall All Gender Restroom(s),40.734643,-73.999171,Year Round,Fully Accessible,1,1
IRT,Broadway-7th Ave,Dyckman St,40.860531,-73.925536,Stair,YES,FULL,FALSE,TRUE,"(40.860531, -73.925536)","c(-73.925536, 40.860531)",Sherman Creek,Park,Both Single-Stall All Gender and Multi-Stall W/M,40.857796,-73.922035,Year Round,Fully Accessible,0,1
IRT,Broadway-7th Ave,Franklin St,40.719318,-74.006886,Stair,YES,FULL,FALSE,FALSE,"(40.719318, -74.006886)","c(-74.006886, 40.719318)",Washington Market Park,Park,Multi-Stall W/M Restrooms,40.717488,-74.011506,Year Round,Fully Accessible,0,1
IRT,Broadway-7th Ave,Houston St,40.728251,-74.005367,Stair,YES,FULL,FALSE,FALSE,"(40.728251, -74.005367)","c(-74.005367, 40.728251)","Hudson Park Library, NYPL",Library,Single-Stall All Gender Restroom(s),40.729991,-74.005332,Year Round,Not Accessible,1,1
IRT,Broadway-7th Ave,Marble Hill-225th St,40.874561,-73.909831,Stair,YES,FULL,FALSE,FALSE,"(40.874561, -73.909831)","c(-73.909831, 40.874561)",Marble Hill Playground,Park,Multi-Stall W/M Restrooms,40.877693,-73.907905,Year Round,Fully Accessible,0,1
IRT,Broadway-7th Ave,South Ferry,40.702068,-74.013664,Elevator,NO,FULL,TRUE,TRUE,"(40.702068, -74.013664)","c(-74.013664, 40.702068)",Battery Park Zone 2,Park,,40.701399,-74.015021,Year Round,,0,1
IRT,Broadway-7th Ave,Van Cortlandt Park-242nd St,40.889248,-73.898583,Stair,YES,FULL,FALSE,TRUE,"(40.889248, -73.898583)","c(-73.898583, 40.889248)",Van Cortlandt Stadium,Park,Multi-Stall W/M Restrooms,40.888285,-73.898126,,Fully Accessible,0,0
BMT,Canarsie,1st Av,40.730953,-73.981628,Stair,YES,FULL,FALSE,FALSE,"(40.730953, -73.981628)","c(-73.981628, 40.730953)","Tompkins Square Library, NYPL",Library,Both Single-Stall All Gender and Multi-Stall W/M,40.727296,-73.980422,Year Round,Fully Accessible,,1
BMT,Canarsie,3rd Av,40.732849,-73.986122,Stair,YES,FULL,FALSE,FALSE,"(40.732849, -73.986122)","c(-73.986122, 40.732849)","Ottendorfer Library, NYPL",Library,Single-Stall All Gender Restroom(s),40.728915,-73.987744,Year Round,Not Accessible,1,1
BMT,Canarsie,6th Av,40.737335,-73.996786,Stair,YES,NONE,FALSE,TRUE,"(40.737335, -73.996786)","c(-73.996786, 40.737335)","Jefferson Market Library, NYPL",Library,Single-Stall All Gender Restroom(s),40.734643,-73.999171,Year Round,Fully Accessible,1,1
BMT,Canarsie,8th Av,40.739777,-74.002578,Stair,YES,FULL,TRUE,TRUE,"(40.739777, -74.002578)","c(-74.002578, 40.739777)",Corporal John A. Seravalli Playground,Park,Multi-Stall W/M Restrooms,40.738938,-74.004667,Year Round,Fully Accessible,0,1
BMT,Canarsie,Bedford Av,40.717304,-73.956872,Stair,YES,FULL,FALSE,TRUE,"(40.717304, -73.956872)","c(-73.956872, 40.717304)",Jaime Campiz Playground,Park,Multi-Stall W/M Restrooms,40.713438,-73.954456,Year Round,Fully Accessible,0,1
BMT,Canarsie,Bushwick Av,40.682829,-73.905249,Door,YES,FULL,FALSE,TRUE,"(40.682829, -73.905249)","c(-73.905249, 40.682829)",Rudd Playground State Park,Park,Multi-Stall W/M Restrooms,40.683317,-73.904976,Seasonal,Not Accessible,0,1
BMT,Canarsie,Canarsie - Rockaway Parkway,40.646654,-73.90185,Door,YES,FULL,TRUE,TRUE,"(40.646654, -73.90185)","c(-73.90185, 40.646654)",100% Playground,Park,Multi-Stall W/M Restrooms,40.64679,-73.899478,Year Round,Fully Accessible,0,1
BMT,Canarsie,East 105th St,40.650573,-73.899485,Stair,YES,FULL,FALSE,TRUE,"(40.650573, -73.899485)","c(-73.899485, 40.650573)",100% Playground,Park,Multi-Stall W/M Restrooms,40.64679,-73.899478,Year Round,Fully Accessible,0,1
BMT,Canarsie,Graham Av,40.714565,-73.944053,Stair,YES,FULL,FALSE,FALSE,"(40.714565, -73.944053)","c(-73.944053, 40.714565)","Leonard Library, BPL",Library,Both Single-Stall All Gender and Multi-Stall W/M,40.713653,-73.947937,Year Round,Partially Accessible,1,0
BMT,Canarsie,Jefferson St,40.706607,-73.922913,Stair,YES,FULL,FALSE,TRUE,"(40.706607, -73.922913)","c(-73.922913, 40.706607)",Maria Hernandez Park,Park,Multi-Stall W/M Restrooms,40.702998,-73.92404,Seasonal,Not Accessible,0,1
BMT,Canarsie,Livonia Av,40.664038,-73.900571,Door,YES,FULL,FALSE,TRUE,"(40.664038, -73.900571)","c(-73.900571, 40.664038)","Stone Avenue Library, BPL",Library,Both Single-Stall All Gender and Multi-Stall W/M,40.664508,-73.905251,Year Round,Fully Accessible,1,1
BMT,Canarsie,Montrose Av,40.707739,-73.93985,Stair,YES,FULL,FALSE,TRUE,"(40.707739, -73.93985)","c(-73.93985, 40.707739)",Ten Eyck Playground,Park,Multi-Stall W/M Restrooms,40.709027,-73.938911,Year Round,Not Accessible,0,1
BMT,Canarsie,Morgan Av,40.706152,-73.933147,Stair,YES,FULL,FALSE,TRUE,"(40.706152, -73.933147)","c(-73.933147, 40.706152)",Green Central Knoll,Park,Multi-Stall W/M Restrooms,40.70212,-73.933504,Year Round,Fully Accessible,0,1
BMT,Canarsie,New Lots Av,40.658733,-73.899232,Stair,YES,FULL,FALSE,TRUE,"(40.658733, -73.899232)","c(-73.899232, 40.658733)",Osborn Playground,Park,Multi-Stall W/M Restrooms,40.656092,-73.906153,,Fully Accessible,0,0
BMT,Canarsie,Sutter Av,40.669367,-73.901975,Stair,YES,FULL,FALSE,TRUE,"(40.669367, -73.901975)","c(-73.901975, 40.669367)",Dr. Green Playground,Park,Multi-Stall W/M Restrooms,40.667373,-73.907384,Year Round,Fully Accessible,0,1
BMT,Canarsie,Wilson Av,40.688764,-73.904046,Stair,YES,FULL,FALSE,TRUE,"(40.688764, -73.904046)","c(-73.904046, 40.688764)",Tiger Playground,Park,Multi-Stall W/M Restrooms,40.688027,-73.911172,Seasonal,Fully Accessible,0,1
IRT,Clark,Borough Hall,40.693219,-73.989998,Elevator,YES,FULL,TRUE,TRUE,"(40.693219, -73.989998)","c(-73.989998, 40.693219)","Center for Brooklyn History, BPL",Library,Single-Stall All Gender Restroom(s),40.694811,-73.992406,Year Round,Fully Accessible,1,1
IRT,Clark,Clark St,40.697466,-73.993086,Door,YES,FULL,FALSE,TRUE,"(40.697466, -73.993086)","c(-73.993086, 40.697466)",Cadman Plaza Park,Park,Multi-Stall W/M Restrooms,40.698452,-73.990628,Year Round,Fully Accessible,0,1
IRT,Clark,Fulton St,40.709416,-74.006571,Stair,YES,FULL,FALSE,TRUE,"(40.709416, -74.006571)","c(-74.006571, 40.709416)",Fulton St (A-C) MTA Restroom,Transit,,40.710532,-74.009096,Year Round,,0,1
IRT,Clark,Park Place,40.713051,-74.008811,Stair,YES,FULL,FALSE,TRUE,"(40.713051, -74.008811)","c(-74.008811, 40.713051)","New Amsterdam Library, NYPL",Library,Single-Stall All Gender Restroom(s),40.713585,-74.007871,Year Round,Fully Accessible,1,1
IRT,Clark,Wall St,40.706821,-74.0091,Stair,YES,FULL,FALSE,TRUE,"(40.706821, -74.0091)","c(-74.0091, 40.706821)",60 Wall Street POPS,Privately Owned Public Space,,40.706249,-74.008506,Year Round,,0,0
IND,Concourse,167th St,40.833769,-73.918432,Stair,YES,FULL,FALSE,TRUE,"(40.833769, -73.918432)","c(-73.918432, 40.833769)",Mott Playground,Park,Multi-Stall W/M Restrooms,40.831269,-73.914754,Year Round,Fully Accessible,0,1
IND,Concourse,170th St,40.839306,-73.9134,Stair,YES,FULL,FALSE,TRUE,"(40.839306, -73.9134)","c(-73.9134, 40.839306)",Keltch Memorial Park Snack Bar,Park,,40.840542,-73.917785,Year Round,,0,1
IND,Concourse,174-175th Sts,40.8459,-73.910136,Door,YES,FULL,FALSE,TRUE,"(40.8459, -73.910136)","c(-73.910136, 40.8459)","Grand Concourse Library, NYPL",Library,Both Single-Stall All Gender and Multi-Stall W/M,40.84401,-73.910089,Year Round,Fully Accessible,,1
IND,Concourse,182nd-183rd Sts,40.856093,-73.900741,Stair,YES,FULL,FALSE,TRUE,"(40.856093, -73.900741)","c(-73.900741, 40.856093)",Slattery Playground,Park,Multi-Stall W/M Restrooms,40.857148,-73.898224,Year Round,Fully Accessible,0,1
IND,Concourse,Bedford Park Blvd,40.873244,-73.887138,Stair,YES,FULL,FALSE,TRUE,"(40.873244, -73.887138)","c(-73.887138, 40.873244)",Mosholu Playground,Park,Multi-Stall W/M Restrooms,40.872655,-73.882856,Year Round,Fully Accessible,0,1
IND,Concourse,Fordham Rd,40.861296,-73.897749,Stair,YES,FULL,FALSE,TRUE,"(40.861296, -73.897749)","c(-73.897749, 40.861296)","Bronx Library Center, NYPL",Library,Both Single-Stall All Gender and Multi-Stall W/M,40.862989,-73.894504,Year Round,Fully Accessible,,1
IND,Concourse,Kingsbridge Rd,40.866978,-73.893509,Stair,YES,FULL,FALSE,TRUE,"(40.866978, -73.893509)","c(-73.893509, 40.866978)",Poe Park,Park,,40.865038,-73.894697,Year Round,,0,1
IND,Concourse,Norwood-205th St,40.874811,-73.878855,Stair,YES,FULL,FALSE,TRUE,"(40.874811, -73.878855)","c(-73.878855, 40.874811)","Mosholu Library, NYPL",Library,Both Single-Stall All Gender and Multi-Stall W/M,40.874388,-73.878386,Year Round,Fully Accessible,,1
IND,Concourse,Tremont Av,40.85041,-73.905227,Stair,YES,FULL,FALSE,TRUE,"(40.85041, -73.905227)","c(-73.905227, 40.85041)",Richman (Echo) Park,Park,Multi-Stall W/M Restrooms,40.849578,-73.902072,Year Round,Fully Accessible,0,1
IND,Concourse,Yankee Stadium-161st St,40.827905,-73.925651,Elevator,YES,FULL,TRUE,TRUE,"(40.827905, -73.925651)","c(-73.925651, 40.827905)",Macombs Dam Park Zone 2 Lower,Park,Multi-Stall W/M Restrooms,40.827497,-73.928379,Year Round,Fully Accessible,0,1
IND,Crosstown,Bedford-Nostrand Avs,40.689627,-73.953522,Stair,YES,FULL,FALSE,TRUE,"(40.689627, -73.953522)","c(-73.953522, 40.689627)","Marcy Library, BPL",Library,Single-Stall All Gender Restroom(s),40.691631,-73.951285,Year Round,Fully Accessible,1,1
IND,Crosstown,Classon Av,40.688873,-73.96007,Stair,YES,FULL,FALSE,TRUE,"(40.688873, -73.96007)","c(-73.96007, 40.688873)",Star Spangled Playground,Park,Multi-Stall W/M Restrooms,40.691691,-73.957832,Seasonal,Not Accessible,0,1
IND,Crosstown,Clinton-Washington Avs,40.688089,-73.966839,Stair,YES,FULL,FALSE,TRUE,"(40.688089, -73.966839)","c(-73.966839, 40.688089)",Underwood Park,Park,Multi-Stall W/M Restrooms,40.688567,-73.966747,Year Round,Fully Accessible,0,1
IND,Crosstown,Greenpoint Av,40.731352,-73.954449,Stair,YES,FULL,FALSE,TRUE,"(40.731352, -73.954449)","c(-73.954449, 40.731352)",American Playground,Park,Multi-Stall W/M Restrooms,40.72874,-73.957634,Year Round,Fully Accessible,0,1
IND,Crosstown,Long Island City-Court Square,40.746554,-73.943832,Stair,YES,FULL,FALSE,TRUE,"(40.746554, -73.943832)","c(-73.943832, 40.746554)",Murray Playground,Park,Both Single-Stall All Gender and Multi-Stall W/M,40.747259,-73.948932,Year Round,Fully Accessible,0,1
IND,Crosstown,Metropolitan Av,40.712792,-73.951418,Stair,YES,FULL,FALSE,TRUE,"(40.712792, -73.951418)","c(-73.951418, 40.712792)",Jaime Campiz Playground,Park,Multi-Stall W/M Restrooms,40.713438,-73.954456,Year Round,Fully Accessible,0,1
IND,Crosstown,Myrtle-Willoughby Avs,40.694568,-73.949046,Stair,YES,FULL,FALSE,TRUE,"(40.694568, -73.949046)","c(-73.949046, 40.694568)",Willoughby Playground,Park,Multi-Stall W/M Restrooms,40.694489,-73.946688,Seasonal,Partially Accessible,0,1
IND,Crosstown,Nassau Av,40.724635,-73.951277,Stair,YES,FULL,FALSE,TRUE,"(40.724635, -73.951277)","c(-73.951277, 40.724635)","Greenpoint Library, BPL",Library,Single-Stall All Gender Restroom(s),40.726036,-73.950696,Year Round,Fully Accessible,1,1
IND,Culver,18th Av,40.629755,-73.976971,Stair,YES,FULL,FALSE,TRUE,"(40.629755, -73.976971)","c(-73.976971, 40.629755)","Kensington Library, BPL",Library,Single-Stall All Gender Restroom(s),40.6313,-73.975437,Year Round,Fully Accessible,1,1
IND,Culver,Av I,40.625322,-73.976127,Stair,YES,FULL,FALSE,TRUE,"(40.625322, -73.976127)","c(-73.976127, 40.625322)","Kensington Library, BPL",Library,Single-Stall All Gender Restroom(s),40.6313,-73.975437,Year Round,Fully Accessible,1,1
IND,Culver,Av N,40.61514,-73.974197,Stair,YES,FULL,FALSE,TRUE,"(40.61514, -73.974197)","c(-73.974197, 40.61514)","Ryder Library, BPL",Library,,40.615888,-73.975968,Year Round,,0,0
IND,Culver,Av P,40.608944,-73.973022,Stair,YES,FULL,FALSE,TRUE,"(40.608944, -73.973022)","c(-73.973022, 40.608944)",Colonel David Marcus Playground,Park,Multi-Stall W/M Restrooms,40.61004,-73.969611,Year Round,Fully Accessible,0,1
IND,Culver,Av X,40.58962,-73.97425,Stair,YES,FULL,FALSE,TRUE,"(40.58962, -73.97425)","c(-73.97425, 40.58962)","Gravesend Library, BPL",Library,Single-Stall All Gender Restroom(s),40.590553,-73.97181,Year Round,Fully Accessible,1,1
IND,Culver,Bay Parkway-22nd Av,40.620769,-73.975264,Stair,YES,FULL,FALSE,TRUE,"(40.620769, -73.975264)","c(-73.975264, 40.620769)",Friends Field,Park,Multi-Stall W/M Restrooms,40.618665,-73.97202,Year Round,Fully Accessible,0,1
IND,Culver,Ditmas Av,40.636119,-73.978172,Stair,YES,FULL,FALSE,TRUE,"(40.636119, -73.978172)","c(-73.978172, 40.636119)",DiGilio Playground,Park,Multi-Stall W/M Restrooms,40.632764,-73.97727,Year Round,Not Accessible,0,1
IND,Culver,Neptune Av-Van Siclen,40.581011,-73.974574,Stair,YES,FULL,FALSE,TRUE,"(40.581011, -73.974574)","c(-73.974574, 40.581011)",Century Playground,Park,Multi-Stall W/M Restrooms,40.577018,-73.970246,Year Round,Not Accessible,0,1
IRT,Dyre Av,Baychester Av,40.878663,-73.838591,Door,NO,NONE,FALSE,TRUE,"(40.878663, -73.838591)","c(-73.838591, 40.878663)",Haffen Park Playground,Park,Multi-Stall W/M Restrooms,40.873542,-73.839305,Year Round,Fully Accessible,0,1
IRT,Dyre Av,Eastchester-Dyre Av,40.8883,-73.830834,Door,YES,PART,FALSE,TRUE,"(40.8883, -73.830834)","c(-73.830834, 40.8883)",Stars & Stripes Playground,Park,Multi-Stall W/M Restrooms,40.885564,-73.839162,Year Round,Fully Accessible,0,1
IRT,Dyre Av,Gun Hill Rd,40.869526,-73.846384,Easement,NO,NONE,FALSE,TRUE,"(40.869526, -73.846384)","c(-73.846384, 40.869526)","Eastchester Library, NYPL",Library,Single-Stall All Gender Restroom(s),40.870148,-73.845066,Year Round,Fully Accessible,0,1
IRT,Dyre Av,Morris Park,40.854364,-73.860495,Door,YES,PART,FALSE,TRUE,"(40.854364, -73.860495)","c(-73.860495, 40.854364)","Pelham Parkway-Van Nest Library, NYPL",Library,Single-Stall All Gender Restroom(s),40.854884,-73.864148,Year Round,Partially Accessible,0,1
IRT,Dyre Av,Pelham Parkway,40.858985,-73.855359000000007,Door,YES,PART,FALSE,TRUE,"(40.858985, -73.855359)","c(-73.855359, 40.858985)",Mazzei Playground,Park,Multi-Stall W/M Restrooms,40.862511,-73.858204,Year Round,Fully Accessible,0,1
IRT,Eastern Parkway,Eastern Parkway-Brooklyn Museum,40.671987,-73.964375,Stair,YES,FULL,FALSE,TRUE,"(40.671987, -73.964375)","c(-73.964375, 40.671987)",Mt Prospect Park Playground,Park,Multi-Stall W/M Restrooms,40.672159,-73.965872,Seasonal,Not Accessible,0,1
IRT,Eastern Parkway,Franklin Av,40.670682,-73.958131,Stair,YES,FULL,FALSE,TRUE,"(40.670682, -73.958131)","c(-73.958131, 40.670682)",Jackie Robinson Playground,Park,Multi-Stall W/M Restrooms,40.665865,-73.958881,Year Round,Not Accessible,0,1
IRT,Eastern Parkway,Grand Army Plaza,40.675235,-73.971046,Stair,YES,FULL,FALSE,TRUE,"(40.675235, -73.971046)","c(-73.971046, 40.675235)",Grand Army Plaza APT,Public Plaza,Single-Stall All Gender Restroom(s),40.672237,-73.969074,Year Round,Fully Accessible,0,1
IRT,Eastern Parkway,Hoyt St,40.690545,-73.985065,Stair,YES,FULL,FALSE,FALSE,"(40.690545, -73.985065)","c(-73.985065, 40.690545)",Sixteen Sycamores Playground,Park,Multi-Stall W/M Restrooms,40.686723,-73.980995,Year Round,Fully Accessible,0,1
IRT,Eastern Parkway,Kingston Av,40.669399,-73.942161,Stair,YES,FULL,FALSE,TRUE,"(40.669399, -73.942161)","c(-73.942161, 40.669399)",Brower Park,Park,Multi-Stall W/M Restrooms,40.673837,-73.943836,Year Round,Fully Accessible,0,1
IRT,Eastern Parkway,Nevins St,40.688246,-73.980492,Stair,YES,FULL,FALSE,FALSE,"(40.688246, -73.980492)","c(-73.980492, 40.688246)",Sixteen Sycamores Playground,Park,Multi-Stall W/M Restrooms,40.686723,-73.980995,Year Round,Fully Accessible,0,1
IRT,Eastern Parkway,Nostrand Av,40.669847,-73.950466,Stair,YES,FULL,FALSE,TRUE,"(40.669847, -73.950466)","c(-73.950466, 40.669847)","Brower Park Library, BPL",Library,Single-Stall All Gender Restroom(s),40.675379,-73.948568,Year Round,Fully Accessible,1,1
IRT,Eastern Parkway,Utica Av,40.668897,-73.932942,Elevator,YES,FULL,TRUE,TRUE,"(40.668897, -73.932942)","c(-73.932942, 40.668897)","Eastern Parkway Library, BPL",Library,Single-Stall All Gender Restroom(s),40.668495,-73.933652,Year Round,Fully Accessible,1,1
IRT,Flushing,45 Rd-Court House Sq,40.747023,-73.945264,Stair,YES,FULL,FALSE,TRUE,"(40.747023, -73.945264)","c(-73.945264, 40.747023)",Murray Playground,Park,Both Single-Stall All Gender and Multi-Stall W/M,40.747259,-73.948932,Year Round,Fully Accessible,0,1
IRT,Flushing,82nd St-Jackson Heights,40.747659,-73.883697,Stair,YES,FULL,FALSE,TRUE,"(40.747659, -73.883697)","c(-73.883697, 40.747659)","Jackson Heights Library, QPL",Library,Both Single-Stall All Gender and Multi-Stall W/M,40.750204,-73.885071,Year Round,,,1
IRT,Flushing,90th St Elmhurst,40.748408,-73.876613,Stair,YES,FULL,FALSE,TRUE,"(40.748408, -73.876613)","c(-73.876613, 40.748408)","Jackson Heights Library, QPL",Library,Both Single-Stall All Gender and Multi-Stall W/M,40.750204,-73.885071,Year Round,,,1
IRT,Flushing,Bliss St-46th St,40.743132,-73.918435,Stair,YES,FULL,FALSE,TRUE,"(40.743132, -73.918435)","c(-73.918435, 40.743132)","Sunnyside Library, QPL",Library,Single-Stall All Gender Restroom(s),40.740855,-73.921669,Year Round,,1,1
IRT,Flushing,Broadway-74th St,40.746848,-73.891394,Stair,YES,NONE,TRUE,TRUE,"(40.746848, -73.891394)","c(-73.891394, 40.746848)",Frank D. O'Connor Playground,Park,Multi-Stall W/M Restrooms,40.744392,-73.886861,Year Round,Not Accessible,0,1
IRT,Flushing,Fisk Av-69th St,40.746325,-73.896403,Stair,YES,FULL,FALSE,TRUE,"(40.746325, -73.896403)","c(-73.896403, 40.746325)",General Hart Playground,Park,Multi-Stall W/M Restrooms,40.748786,-73.897234,Seasonal,Fully Accessible,0,1
IRT,Flushing,Flushing-Main St,40.7596,-73.83003,Stair,YES,FULL,TRUE,TRUE,"(40.7596, -73.83003)","c(-73.83003, 40.7596)","Flushing Library, QPL",Library,Both Single-Stall All Gender and Multi-Stall W/M,40.757782,-73.828886,Year Round,,1,1
IRT,Flushing,Grand Central-42nd St,40.751431,-73.976041,Easement,YES,NONE,TRUE,TRUE,"(40.751431, -73.976041)","c(-73.976041, 40.751431)",Grand Central (Metro North) LIRR Restroom,Transit,,40.751816,-73.976715,Year Round,,0,1
IRT,Flushing,Hunters Point,40.742216,-73.948916,Stair,YES,FULL,FALSE,TRUE,"(40.742216, -73.948916)","c(-73.948916, 40.742216)",Murray Playground,Park,Both Single-Stall All Gender and Multi-Stall W/M,40.747259,-73.948932,Year Round,Fully Accessible,0,1
IRT,Flushing,Junction Blvd,40.749145,-73.869527,Elevator,YES,FULL,TRUE,TRUE,"(40.749145, -73.869527)","c(-73.869527, 40.749145)",Corona Plaza APT,Public Plaza,Single-Stall All Gender Restroom(s),40.74965,-73.862638,Year Round,Fully Accessible,0,1
IRT,Flushing,Lincoln Av-52nd St,40.744149,-73.912549,Stair,YES,FULL,FALSE,TRUE,"(40.744149, -73.912549)","c(-73.912549, 40.744149)","Woodside Library, QPL",Library,Single-Stall All Gender Restroom(s),40.74535,-73.909795,Year Round,,1,1
IRT,Flushing,Lowery St-40th St,40.743781,-73.924016,Stair,YES,FULL,FALSE,TRUE,"(40.743781, -73.924016)","c(-73.924016, 40.743781)",L/CPL Thomas P. Noonan Jr. Playground,Park,Multi-Stall W/M Restrooms,40.741077,-73.922385,Year Round,Not Accessible,0,1
IRT,Flushing,Mets - Willets Point,40.754622,-73.845625,Door,YES,FULL,FALSE,TRUE,"(40.754622, -73.845625)","c(-73.845625, 40.754622)",Passerelle Building,Park,,40.751662,-73.843252,Year Round,,0,1
IRT,Flushing,Queensboro Plaza,40.750582,-73.940202,Easement,YES,FULL,FALSE,TRUE,"(40.750582, -73.940202)","c(-73.940202, 40.750582)","Queensbridge Tech Lab Library, QPL",Library,Single-Stall All Gender Restroom(s),40.754953,-73.944111,Year Round,,0,1
IRT,Flushing,Rawson St-33rd St,40.744587,-73.930997,Stair,YES,FULL,FALSE,TRUE,"(40.744587, -73.930997)","c(-73.930997, 40.744587)",Torsney Playground,Park,Multi-Stall W/M Restrooms,40.747265,-73.922042,Year Round,Not Accessible,0,1
IRT,Flushing,Vernon Blvd-Jackson Av,40.742626,-73.953581,Stair,YES,FULL,FALSE,FALSE,"(40.742626, -73.953581)","c(-73.953581, 40.742626)","Hunters Point Library, QPL",Library,Both Single-Stall All Gender and Multi-Stall W/M,40.745269,-73.95796,Year Round,,1,1
IRT,Flushing,Woodside Av-61st St,40.74563,-73.902984,Escalator,YES,FULL,TRUE,TRUE,"(40.74563, -73.902984)","c(-73.902984, 40.74563)","Woodside Library, QPL",Library,Single-Stall All Gender Restroom(s),40.74535,-73.909795,Year Round,,1,1
BMT,Franklin,Botanic Gardens,40.670343,-73.959245,Stair,YES,FULL,FALSE,TRUE,"(40.670343, -73.959245)","c(-73.959245, 40.670343)",Jackie Robinson Playground,Park,Multi-Stall W/M Restrooms,40.665865,-73.958881,Year Round,Not Accessible,0,1
IND,Fulton,Broadway Junction-East New York,40.678334,-73.905316,Door,YES,FULL,FALSE,TRUE,"(40.678334, -73.905316)","c(-73.905316, 40.678334)",Rudd Playground State Park,Park,Multi-Stall W/M Restrooms,40.683317,-73.904976,Seasonal,Not Accessible,0,1
IND,Fulton,Clinton & Washington Avs,40.683263,-73.965838,Stair,YES,FULL,FALSE,FALSE,"(40.683263, -73.965838)","c(-73.965838, 40.683263)",Greene Playground,Park,Multi-Stall W/M Restrooms,40.686372,-73.96584,Year Round,Not Accessible,0,1
IND,Fulton,Euclid Av,40.675377,-73.872106,Elevator,YES,FULL,TRUE,TRUE,"(40.675377, -73.872106)","c(-73.872106, 40.675377)","Cypress Hills Library, BPL",Library,Single-Stall All Gender Restroom(s),40.672716,-73.874036,Year Round,Fully Accessible,1,1
IND,Fulton,Hoyt & Schermerhorn,40.688484,-73.985001,Stair,YES,FULL,FALSE,TRUE,"(40.688484, -73.985001)","c(-73.985001, 40.688484)",Sixteen Sycamores Playground,Park,Multi-Stall W/M Restrooms,40.686723,-73.980995,Year Round,Fully Accessible,0,1
IND,Fulton,Jay St - Borough Hall,40.692338,-73.987342,Easement,YES,FULL,FALSE,TRUE,"(40.692338, -73.987342)","c(-73.987342, 40.692338)",McLaughlin Park,Park,Multi-Stall W/M Restrooms,40.696674,-73.986049,Year Round,Not Accessible,0,1
IND,Fulton,Kingston-Throop,40.679921,-73.940858,Stair,YES,FULL,FALSE,FALSE,"(40.679921, -73.940858)","c(-73.940858, 40.679921)",St. Andrew's Playground,Park,Multi-Stall W/M Restrooms,40.678808,-73.942012,Year Round,Fully Accessible,0,1
IND,Fulton,Lafayette Av,40.686113,-73.973946,Stair,YES,FULL,FALSE,FALSE,"(40.686113, -73.973946)","c(-73.973946, 40.686113)",Atlantic Ave Terminal LIRR Restroom,Transit,,40.684909,-73.977681,Year Round,,0,1
IND,Fulton,Liberty Av,40.674542,-73.896548,Stair,YES,FULL,FALSE,TRUE,"(40.674542, -73.896548)","c(-73.896548, 40.674542)",Martin Luther King Jr. Playground,Park,Multi-Stall W/M Restrooms,40.667421,-73.890205,Year Round,Fully Accessible,0,1
IND,Fulton,Ralph Av,40.678822,-73.920786,Stair,YES,FULL,FALSE,TRUE,"(40.678822, -73.920786)","c(-73.920786, 40.678822)",Carver Playground,Park,Multi-Stall W/M Restrooms,40.680447,-73.920513,Seasonal,Partially Accessible,0,1
IND,Fulton,Rockaway Av,40.67834,-73.911946,Stair,YES,FULL,FALSE,TRUE,"(40.67834, -73.911946)","c(-73.911946, 40.67834)",Marion Hopkinson Playground,Park,Multi-Stall W/M Restrooms,40.681851,-73.913359,Year Round,Fully Accessible,0,1
IND,Fulton,Shepherd Av,40.67413,-73.88075,Stair,YES,FULL,FALSE,TRUE,"(40.67413, -73.88075)","c(-73.88075, 40.67413)",Sperandeo Brothers Playground,Park,Multi-Stall W/M Restrooms,40.677632,-73.88425,Year Round,Fully Accessible,0,1
IRT,Jerome,138th St,40.813224,-73.929849,Stair,YES,FULL,FALSE,TRUE,"(40.813224, -73.929849)","c(-73.929849, 40.813224)",Evelina Antonetty Playground,Park,,40.817275,-73.928439,Year Round,,0,1
IRT,Jerome,149th St-Grand Concourse,40.818375,-73.927351,Stair,YES,FULL,FALSE,TRUE,"(40.818375, -73.927351)","c(-73.927351, 40.818375)",Evelina Antonetty Playground,Park,,40.817275,-73.928439,Year Round,,0,1
IRT,Jerome,176th St,40.84848,-73.911794,Stair,YES,FULL,FALSE,TRUE,"(40.84848, -73.911794)","c(-73.911794, 40.84848)","Sedgwick Library, NYPL",Library,Single-Stall All Gender Restroom(s),40.849453,-73.917496,Year Round,Fully Accessible,0,1
IRT,Jerome,183rd St,40.858407,-73.903879,Stair,YES,FULL,FALSE,TRUE,"(40.858407, -73.903879)","c(-73.903879, 40.858407)",Aqueduct Walk Zone 2,Park,Multi-Stall W/M Restrooms,40.858411,-73.907994,Year Round,Fully Accessible,0,1
IRT,Jerome,Bedford Park Blvd-Lehman College,40.873412,-73.890064,Stair,YES,FULL,FALSE,TRUE,"(40.873412, -73.890064)","c(-73.890064, 40.873412)",Harris Playground,Park,Multi-Stall W/M Restrooms,40.875284,-73.892699,Year Round,Fully Accessible,0,1
IRT,Jerome,Burnside Av,40.853453,-73.907684,Stair,YES,FULL,FALSE,TRUE,"(40.853453, -73.907684)","c(-73.907684, 40.853453)","Francis Martin Library, NYPL",Library,Both Single-Stall All Gender and Multi-Stall W/M,40.85743,-73.909318,Year Round,Fully Accessible,,1
IRT,Jerome,Mosholu Parkway,40.87975,-73.884655,Stair,YES,FULL,FALSE,TRUE,"(40.87975, -73.884655)","c(-73.884655, 40.87975)",Sachkerah Woods Playground,Park,Multi-Stall W/M Restrooms,40.883684,-73.881574,Year Round,Fully Accessible,0,1
IRT,Jerome,Mt Eden Av,40.844434,-73.914685,Stair,YES,FULL,FALSE,TRUE,"(40.844434, -73.914685)","c(-73.914685, 40.844434)","Grand Concourse Library, NYPL",Library,Both Single-Stall All Gender and Multi-Stall W/M,40.84401,-73.910089,Year Round,Fully Accessible,,1
IRT,Jerome,Woodlawn,40.886037,-73.878751,Stair,YES,FULL,FALSE,TRUE,"(40.886037, -73.878751)","c(-73.878751, 40.886037)",Sachkerah Woods Playground,Park,Multi-Stall W/M Restrooms,40.883684,-73.881574,Year Round,Fully Accessible,0,1
IRT,Lenox,110th St-Central Park North,40.799075,-73.951822,Stair,YES,FULL,FALSE,TRUE,"(40.799075, -73.951822)","c(-73.951822, 40.799075)","Martin Luther King, Jr. Playground",Park,Both Single-Stall All Gender and Multi-Stall W/M,40.800334,-73.950318,Year Round,Fully Accessible,0,1
IRT,Lenox,Harlem-148th St,40.82388,-73.93647,Door,YES,FULL,FALSE,TRUE,"(40.82388, -73.93647)","c(-73.93647, 40.82388)",Frederick Johnson Playground,Park,Multi-Stall W/M Restrooms,40.824672,-73.934799,,Fully Accessible,0,1
IRT,Lexington,110th St,40.79502,-73.94425,Stair,YES,FULL,FALSE,FALSE,"(40.79502, -73.94425)","c(-73.94425, 40.79502)","Aguilar Library, NYPL",Library,,40.794223,-73.94346,Future,,0,0
IRT,Lexington,14th St-Union Square,40.734673,-73.989951,Easement,YES,FULL,FALSE,TRUE,"(40.734673, -73.989951)","c(-73.989951, 40.734673)",Evelyn's Playground,Park,Single-Stall All Gender Restroom(s),40.736309,-73.989588,Year Round,Fully Accessible,0,1
IRT,Lexington,33rd St,40.746081,-73.982076,Stair,YES,FULL,FALSE,FALSE,"(40.746081, -73.982076)","c(-73.982076, 40.746081)","Kips Bay Library, NYPL",Library,Single-Stall All Gender Restroom(s),40.743818,-73.979903,Year Round,Fully Accessible,1,1
IRT,Lexington,51st St,40.757107,-73.97192,Stair,YES,FULL,TRUE,TRUE,"(40.757107, -73.97192)","c(-73.97192, 40.757107)","Terence Cardinal Cooke-Cathedral Library, NYPL",Library,,40.756811,-73.972542,,,0,0
IRT,Lexington,68th St-Hunter College,40.768141,-73.96387,Door,YES,FULL,FALSE,TRUE,"(40.768141, -73.96387)","c(-73.96387, 40.768141)","67th Street Library, NYPL",Library,Single-Stall All Gender Restroom(s),40.764923,-73.959551,Year Round,Fully Accessible,0,1
IRT,Lexington,Astor Place,40.730054,-73.99107,Stair,YES,FULL,FALSE,FALSE,"(40.730054, -73.99107)","c(-73.99107, 40.730054)","Ottendorfer Library, NYPL",Library,Single-Stall All Gender Restroom(s),40.728915,-73.987744,Year Round,Not Accessible,1,1
IRT,Lexington,Bleecker St,40.725915,-73.994659,Stair,YES,FULL,FALSE,FALSE,"(40.725915, -73.994659)","c(-73.994659, 40.725915)","Mulberry Street Library, NYPL",Library,Both Single-Stall All Gender and Multi-Stall W/M,40.724148,-73.995686,Future,Fully Accessible,,0
IRT,Lexington,Bowling Green,40.704817,-74.014065,Elevator,YES,FULL,TRUE,TRUE,"(40.704817, -74.014065)","c(-74.014065, 40.704817)",Battery Park Zone 1,Park,,40.704414,-74.015876,Year Round,,0,1
IRT,Lexington,Brooklyn Bridge-City Hall,40.712868,-74.004806,Stair,YES,FULL,TRUE,TRUE,"(40.712868, -74.004806)","c(-74.004806, 40.712868)","New Amsterdam Library, NYPL",Library,Single-Stall All Gender Restroom(s),40.713585,-74.007871,Year Round,Fully Accessible,1,1
IND,Liberty,104th St-Oxford Av,40.681711,-73.837683,Stair,YES,FULL,FALSE,TRUE,"(40.681711, -73.837683)","c(-73.837683, 40.681711)",Police Officer Nicholas Demutiis Park,Park,Both Single-Stall All Gender and Multi-Stall W/M,40.681843,-73.839676,Year Round,Fully Accessible,0,1
IND,Liberty,111th St-Greenwood Av,40.684331,-73.832163,Stair,YES,FULL,FALSE,TRUE,"(40.684331, -73.832163)","c(-73.832163, 40.684331)","Lefferts Library, QPL",Library,Single-Stall All Gender Restroom(s),40.686916,-73.824831,Year Round,,1,1
IND,Liberty,80th St-Hudson St,40.679371,-73.858992,Stair,YES,FULL,FALSE,TRUE,"(40.679371, -73.858992)","c(-73.858992, 40.679371)",Ampere Playground,Park,Multi-Stall W/M Restrooms,40.681435,-73.85678,Year Round,Fully Accessible,0,1
IND,Liberty,88th St-Boyd Av,40.679843,-73.85147,Stair,YES,FULL,FALSE,TRUE,"(40.679843, -73.85147)","c(-73.85147, 40.679843)","Ozone Park Library, QPL",Library,Single-Stall All Gender Restroom(s),40.680875,-73.84649,Year Round,,1,1
IND,Liberty,Grant Av,40.677044,-73.86505,Door,YES,FULL,FALSE,TRUE,"(40.677044, -73.86505)","c(-73.86505, 40.677044)",Robert E. Venable Park,Park,Multi-Stall W/M Restrooms,40.674409,-73.865074,Year Round,Fully Accessible,0,1
IND,Liberty,Lefferts Blvd,40.685951,-73.825798,Stair,YES,FULL,FALSE,TRUE,"(40.685951, -73.825798)","c(-73.825798, 40.685951)","Lefferts Library, QPL",Library,Single-Stall All Gender Restroom(s),40.686916,-73.824831,Year Round,,1,1
IND,Liberty,Rockaway Blvd,40.680429,-73.843853,Stair,YES,FULL,FALSE,TRUE,"(40.680429, -73.843853)","c(-73.843853, 40.680429)","Ozone Park Library, QPL",Library,Single-Stall All Gender Restroom(s),40.680875,-73.84649,Year Round,,1,1
BMT,Myrtle,Central Av,40.697857,-73.927397,Stair,YES,FULL,FALSE,TRUE,"(40.697857, -73.927397)","c(-73.927397, 40.697857)",Fermi Playground,Park,Multi-Stall W/M Restrooms,40.700313,-73.928534,Year Round,Not Accessible,0,1
BMT,Myrtle,Forest Av,40.704423,-73.903077,Stair,YES,FULL,FALSE,TRUE,"(40.704423, -73.903077)","c(-73.903077, 40.704423)","Ridgewood Library, QPL",Library,Single-Stall All Gender Restroom(s),40.705235,-73.90259,Year Round,,1,1
BMT,Myrtle,Fresh Pond Rd,40.706186,-73.895877,Stair,YES,FULL,FALSE,TRUE,"(40.706186, -73.895877)","c(-73.895877, 40.706186)",Mafera Park,Park,Multi-Stall W/M Restrooms,40.706043,-73.891339,Year Round,Not Accessible,0,1
BMT,Myrtle,Knickerbocker Av,40.698664,-73.919711,Stair,YES,FULL,FALSE,TRUE,"(40.698664, -73.919711)","c(-73.919711, 40.698664)",Heckscher Playground,Park,Multi-Stall W/M Restrooms,40.695101,-73.91863,Year Round,Fully Accessible,0,1
BMT,Myrtle,Seneca Av,40.702762,-73.90774,Stair,YES,FULL,FALSE,TRUE,"(40.702762, -73.90774)","c(-73.90774, 40.702762)",Rosemary's Playground,Park,Multi-Stall W/M Restrooms,40.704624,-73.904435,Year Round,Not Accessible,0,1
BMT,Nassau,Bowery,40.72028,-73.993915,Stair,YES,FULL,FALSE,TRUE,"(40.72028, -73.993915)","c(-73.993915, 40.72028)",Sara D. Roosevelt Park,Park,Multi-Stall W/M Restrooms,40.718813,-73.993045,Year Round,Fully Accessible,0,1
BMT,Nassau,Broad St,40.706476,-74.011056,Stair,YES,NONE,FALSE,TRUE,"(40.706476, -74.011056)","c(-74.011056, 40.706476)",60 Wall Street POPS,Privately Owned Public Space,,40.706249,-74.008506,Year Round,,0,0
BMT,Nassau,Essex St,40.718315,-73.987437,Stair,YES,FULL,FALSE,TRUE,"(40.718315, -73.987437)","c(-73.987437, 40.718315)",Allen Street Malls,Park,,40.719552,-73.990206,,,0,0
IRT,New Lots,Junius St,40.663515,-73.902447,Stair,YES,FULL,FALSE,TRUE,"(40.663515, -73.902447)","c(-73.902447, 40.663515)","Stone Avenue Library, BPL",Library,Both Single-Stall All Gender and Multi-Stall W/M,40.664508,-73.905251,Year Round,Fully Accessible,1,1
IRT,New Lots,Pennsylvania Av,40.664635,-73.894895,Stair,YES,FULL,FALSE,TRUE,"(40.664635, -73.894895)","c(-73.894895, 40.664635)",Martin Luther King Jr. Playground,Park,Multi-Stall W/M Restrooms,40.667421,-73.890205,Year Round,Fully Accessible,0,1
IRT,New Lots,Saratoga Av,40.661453,-73.916327,Stair,YES,FULL,FALSE,TRUE,"(40.661453, -73.916327)","c(-73.916327, 40.661453)",Betsy Head Park,Park,Multi-Stall W/M Restrooms,40.661939,-73.914409,Year Round,Fully Accessible,0,1
IRT,Nostrand,Flatbush Av-Brooklyn College,40.632836,-73.947642,Elevator,YES,FULL,TRUE,TRUE,"(40.632836, -73.947642)","c(-73.947642, 40.632836)","Clarendon Library, BPL",Library,,40.635748,-73.947636,Year Round,,0,0
IRT,Nostrand,President St,40.667883,-73.950683,Stair,YES,FULL,FALSE,TRUE,"(40.667883, -73.950683)","c(-73.950683, 40.667883)",Marc And Jason's Playground,Park,Multi-Stall W/M Restrooms,40.66349,-73.949905,Year Round,Not Accessible,0,1
IRT,Nostrand,Sterling St,40.662742,-73.95085,Stair,YES,FULL,FALSE,TRUE,"(40.662742, -73.95085)","c(-73.95085, 40.662742)",Marc And Jason's Playground,Park,Multi-Stall W/M Restrooms,40.66349,-73.949905,Year Round,Not Accessible,0,1
IRT,Nostrand,Winthrop St,40.656652,-73.9502,Stair,YES,FULL,FALSE,FALSE,"(40.656652, -73.9502)","c(-73.9502, 40.656652)",Rolph Henry Playground,Park,Multi-Stall W/M Restrooms,40.655685,-73.947495,Year Round,Not Accessible,0,1
IRT,Pelham,138th St-3rd Ave,40.810476,-73.926138,Stair,YES,FULL,FALSE,TRUE,"(40.810476, -73.926138)","c(-73.926138, 40.810476)","Mott Haven Library, NYPL",Library,Single-Stall All Gender Restroom(s),40.811598,-73.924383,Year Round,Fully Accessible,1,1
IRT,Pelham,Brook Av,40.807566,-73.91924,Stair,YES,FULL,FALSE,FALSE,"(40.807566, -73.91924)","c(-73.91924, 40.807566)",Saw Mill Playground,Park,Multi-Stall W/M Restrooms,40.808919,-73.919313,Year Round,Fully Accessible,0,1
IRT,Pelham,Buhre Av,40.84681,-73.832569,Stair,YES,FULL,FALSE,FALSE,"(40.84681, -73.832569)","c(-73.832569, 40.84681)","Pelham Bay Library, NYPL",Library,Single-Stall All Gender Restroom(s),40.844326,-73.827902,Year Round,Fully Accessible,1,1
IRT,Pelham,Castle Hill Av,40.834255,-73.851222,Stair,YES,FULL,FALSE,TRUE,"(40.834255, -73.851222)","c(-73.851222, 40.834255)",Caserta Playground,Park,Multi-Stall W/M Restrooms,40.837492,-73.853834,Year Round,Fully Accessible,0,1
IRT,Pelham,Cypress Av,40.805368,-73.914042,Stair,YES,FULL,FALSE,FALSE,"(40.805368, -73.914042)","c(-73.914042, 40.805368)",Millbrook Playground,Park,Multi-Stall W/M Restrooms,40.804343,-73.916974,Year Round,Fully Accessible,0,1
IRT,Pelham,East 143rd St-St Mary's St,40.808719,-73.907657,Stair,YES,FULL,FALSE,FALSE,"(40.808719, -73.907657)","c(-73.907657, 40.808719)",St Mary's Playground East,Park,Multi-Stall W/M Restrooms,40.809905,-73.910486,Year Round,Fully Accessible,0,1
IRT,Pelham,East 149th St,40.812118,-73.904098,Stair,YES,FULL,FALSE,FALSE,"(40.812118, -73.904098)","c(-73.904098, 40.812118)",Playground 52 LII,Park,Multi-Stall W/M Restrooms,40.815446,-73.901445,Year Round,Fully Accessible,0,1
IRT,Pelham,Elder Av,40.828584,-73.879159,Stair,YES,FULL,FALSE,TRUE,"(40.828584, -73.879159)","c(-73.879159, 40.828584)","Clason's Point Library, NYPL",Library,Single-Stall All Gender Restroom(s),40.830001,-73.875022,Year Round,Fully Accessible,1,1
IRT,Pelham,Hunts Point Av,40.820948,-73.890549,Stair,YES,FULL,FALSE,TRUE,"(40.820948, -73.890549)","c(-73.890549, 40.820948)",Monsignor Raul Del Valle Square,Park,,40.8207,-73.890601,,,0,0
IRT,Pelham,Longwood Av,40.816104,-73.896435,Stair,YES,FULL,FALSE,FALSE,"(40.816104, -73.896435)","c(-73.896435, 40.816104)",Fox Park,Park,Multi-Stall W/M Restrooms,40.815141,-73.898529,Year Round,Fully Accessible,0,1
IRT,Pelham,Middletown Rd,40.843863,-73.836322,Stair,YES,FULL,FALSE,TRUE,"(40.843863, -73.836322)","c(-73.836322, 40.843863)","Pelham Bay Library, NYPL",Library,Single-Stall All Gender Restroom(s),40.844326,-73.827902,Year Round,Fully Accessible,1,1
IRT,Pelham,Morrison Av-Soundview Av,40.829521,-73.874516,Stair,YES,FULL,FALSE,TRUE,"(40.829521, -73.874516)","c(-73.874516, 40.829521)","Clason's Point Library, NYPL",Library,Single-Stall All Gender Restroom(s),40.830001,-73.875022,Year Round,Fully Accessible,1,1
IRT,Pelham,Parkchester-East 177th St,40.833226,-73.860816,Stair,YES,FULL,FALSE,TRUE,"(40.833226, -73.860816)","c(-73.860816, 40.833226)",Virginia Playground,Park,Multi-Stall W/M Restrooms,40.834325,-73.862182,Year Round,Fully Accessible,0,1
IRT,Pelham,Pelham Bay Park,40.852462,-73.828121,Door,YES,FULL,TRUE,TRUE,"(40.852462, -73.828121)","c(-73.828121, 40.852462)",Pelham South Park Headquarters,Park,,40.851719,-73.824705,Year Round,,0,1
IRT,Pelham,St Lawrence Av,40.831509,-73.867618,Stair,YES,FULL,FALSE,TRUE,"(40.831509, -73.867618)","c(-73.867618, 40.831509)",Watson Gleason Playground,Park,Multi-Stall W/M Restrooms,40.829028,-73.869112,Year Round,Fully Accessible,0,1
IRT,Pelham,Westchester Square-East Tremont Av,40.839892,-73.842952,Stair,YES,FULL,FALSE,TRUE,"(40.839892, -73.842952)","c(-73.842952, 40.839892)",The Pearly Gates Playground,Park,Multi-Stall W/M Restrooms,40.838776,-73.845741,Year Round,Fully Accessible,0,1
IRT,Pelham,Whitlock Av,40.826525,-73.886283,Stair,YES,FULL,FALSE,TRUE,"(40.826525, -73.886283)","c(-73.886283, 40.826525)",Lyons Square Playground,Park,Multi-Stall W/M Restrooms,40.822626,-73.888339,Year Round,Fully Accessible,0,1
IRT,Pelham,Zerega Av,40.836488,-73.847036,Stair,YES,FULL,FALSE,TRUE,"(40.836488, -73.847036)","c(-73.847036, 40.836488)",The Pearly Gates Playground,Park,Multi-Stall W/M Restrooms,40.838776,-73.845741,Year Round,Fully Accessible,0,1
IND,Queens Boulevard,169th St,40.71047,-73.793604,Stair,YES,FULL,FALSE,TRUE,"(40.71047, -73.793604)","c(-73.793604, 40.71047)","Queens Central Library, QPL",Library,Both Single-Stall All Gender and Multi-Stall W/M,40.707881,-73.794679,Year Round,,1,1
IND,Queens Boulevard,23rd St-Ely Av,40.747846,-73.946,Easement,YES,FULL,FALSE,TRUE,"(40.747846, -73.946)","c(-73.946, 40.747846)",Murray Playground,Park,Both Single-Stall All Gender and Multi-Stall W/M,40.747259,-73.948932,Year Round,Fully Accessible,0,1
IND,Queens Boulevard,46th St,40.756312,-73.913333,Stair,YES,FULL,FALSE,FALSE,"(40.756312, -73.913333)","c(-73.913333, 40.756312)","Broadway Library, QPL",Library,,40.758538,-73.918625,Year Round,,0,0
IND,Queens Boulevard,5th Av-53rd St,40.760167,-73.975224,Easement,YES,FULL,FALSE,TRUE,"(40.760167, -73.975224)","c(-73.975224, 40.760167)",645 Fifth Avenue POPS,Privately Owned Public Space,Multi-Stall W/M Restrooms,40.759207,-73.976087,Year Round,Fully Accessible,0,1
IND,Queens Boulevard,63rd Drive-Rego Park,40.729846,-73.861604,Stair,YES,FULL,FALSE,TRUE,"(40.729846, -73.861604)","c(-73.861604, 40.729846)","Rego Park Library, QPL",Library,Single-Stall All Gender Restroom(s),40.727325,-73.864504,Year Round,,1,1
IND,Queens Boulevard,65th St,40.749669,-73.898453,Stair,YES,FULL,FALSE,TRUE,"(40.749669, -73.898453)","c(-73.898453, 40.749669)",General Hart Playground,Park,Multi-Stall W/M Restrooms,40.748786,-73.897234,Seasonal,Fully Accessible,0,1
IND,Queens Boulevard,67th Av,40.726523,-73.852719,Stair,YES,FULL,FALSE,TRUE,"(40.726523, -73.852719)","c(-73.852719, 40.726523)",Russell Sage Playground,Park,Multi-Stall W/M Restrooms,40.72396,-73.851646,Year Round,Not Accessible,0,1
IND,Queens Boulevard,75th Av,40.718331,-73.837324,Stair,YES,FULL,FALSE,FALSE,"(40.718331, -73.837324)","c(-73.837324, 40.718331)",Ehrenreich-Austin Playground,Park,Multi-Stall W/M Restrooms,40.715791,-73.837044,Year Round,Not Accessible,0,1
IND,Queens Boulevard,Briarwood-Van Wyck Blvd,40.709179,-73.820574,Stair,YES,FULL,FALSE,FALSE,"(40.709179, -73.820574)","c(-73.820574, 40.709179)","Briarwood Library, QPL",Library,Single-Stall All Gender Restroom(s),40.710043,-73.819454,Year Round,,1,1
IND,Queens Boulevard,Elmhurst Av,40.742454,-73.882017,Stair,NO,FULL,FALSE,FALSE,"(40.742454, -73.882017)","c(-73.882017, 40.742454)",Moore Homestead Playground,Park,Multi-Stall W/M Restrooms,40.742342,-73.882357,Year Round,Not Accessible,0,1
IND,Queens Boulevard,Forest Hills-71st Av,40.721691,-73.844521,Stair,YES,FULL,FALSE,TRUE,"(40.721691, -73.844521)","c(-73.844521, 40.721691)","Forest Hills Library, QPL",Library,Single-Stall All Gender Restroom(s),40.722155,-73.843016,Year Round,,1,1
IND,Queens Boulevard,Grand Av-Newtown,40.737015,-73.877223,Stair,YES,FULL,FALSE,TRUE,"(40.737015, -73.877223)","c(-73.877223, 40.737015)","Elmhurst Library, QPL",Library,Both Single-Stall All Gender and Multi-Stall W/M,40.738563,-73.876823,Year Round,,,1
IND,Queens Boulevard,Jackson Heights-Roosevelt Ave,40.746644,-73.891338,Door,YES,FULL,TRUE,TRUE,"(40.746644, -73.891338)","c(-73.891338, 40.746644)",Frank D. O'Connor Playground,Park,Multi-Stall W/M Restrooms,40.744392,-73.886861,Year Round,Not Accessible,0,1
IND,Queens Boulevard,Jamaica-179th St,40.712646,-73.783817,Elevator,YES,FULL,TRUE,TRUE,"(40.712646, -73.783817)","c(-73.783817, 40.712646)",Detective Keith L Williams Park,Park,Multi-Stall W/M Restrooms,40.70398,-73.785145,Year Round,Not Accessible,0,1
IND,Queens Boulevard,Kew Gardens-Union Turnpike,40.714441,-73.831008,Elevator,YES,FULL,TRUE,TRUE,"(40.714441, -73.831008)","c(-73.831008, 40.714441)",Ehrenreich-Austin Playground,Park,Multi-Stall W/M Restrooms,40.715791,-73.837044,Year Round,Not Accessible,0,1
IND,Queens Boulevard,Lexington Av-53rd St,40.757552,-73.969055,Easement,YES,FULL,TRUE,TRUE,"(40.757552, -73.969055)","c(-73.969055, 40.757552)",875 Third Avenue POPS,Privately Owned Public Space,Multi-Stall W/M Restrooms,40.757226,-73.969197,Year Round,Fully Accessible,,1
IND,Queens Boulevard,Northern Blvd,40.752885,-73.906006,Stair,YES,FULL,FALSE,FALSE,"(40.752885, -73.906006)","c(-73.906006, 40.752885)",Lawrence Virgilio Playground,Park,Both Single-Stall All Gender and Multi-Stall W/M,40.747494,-73.9106,Seasonal,Fully Accessible,0,1
IND,Queens Boulevard,Parsons Blvd,40.707564,-73.803326,Stair,YES,FULL,FALSE,TRUE,"(40.707564, -73.803326)","c(-73.803326, 40.707564)",Rufus King Park,Park,Multi-Stall W/M Restrooms,40.703339,-73.803382,Year Round,Fully Accessible,0,1
IND,Queens Boulevard,Queens Plaza,40.748973,-73.937243,Stair,YES,FULL,TRUE,TRUE,"(40.748973, -73.937243)","c(-73.937243, 40.748973)","Queensbridge Tech Lab Library, QPL",Library,Single-Stall All Gender Restroom(s),40.754953,-73.944111,Year Round,,0,1
IND,Queens Boulevard,Steinway St,40.756879,-73.92074,Stair,YES,FULL,FALSE,TRUE,"(40.756879, -73.92074)","c(-73.92074, 40.756879)","Broadway Library, QPL",Library,,40.758538,-73.918625,Year Round,,0,0
IND,Queens Boulevard,Sutphin Blvd,40.70546,-73.810708,Stair,YES,FULL,FALSE,TRUE,"(40.70546, -73.810708)","c(-73.810708, 40.70546)",Rufus King Park,Park,Multi-Stall W/M Restrooms,40.703339,-73.803382,Year Round,Fully Accessible,0,1
IND,Rockaway,Aqueduct Racetrack,40.672131,-73.835812,Ramp,NO,NONE,FALSE,FALSE,"(40.672131, -73.835812)","c(-73.835812, 40.672131)",Vito Locascio Field,Park,Both Single-Stall All Gender and Multi-Stall W/M,40.670107,-73.844611,Year Round,Fully Accessible,0,1
IND,Rockaway,Aqueduct-North Conduit Av,40.668234,-73.834058,Door,YES,FULL,FALSE,TRUE,"(40.668234, -73.834058)","c(-73.834058, 40.668234)","Howard Beach Library, QPL",Library,Single-Stall All Gender Restroom(s),40.663819,-73.841804,Year Round,,1,1
IND,Rockaway,Beach 105th St,40.583209,-73.827559,Stair,YES,FULL,FALSE,TRUE,"(40.583209, -73.827559)","c(-73.827559, 40.583209)",Bayside Playground,Park,Multi-Stall W/M Restrooms,40.584982,-73.824979,,Fully Accessible,0,0
IND,Rockaway,Beach 25th St,40.600066,-73.761353,Stair,YES,FULL,FALSE,TRUE,"(40.600066, -73.761353)","c(-73.761353, 40.600066)",Bayswater Playground,Park,Multi-Stall W/M Restrooms,40.598771,-73.767504,Year Round,Fully Accessible,0,1
IND,Rockaway,Beach 36th St,40.595398,-73.768175,Stair,YES,FULL,FALSE,TRUE,"(40.595398, -73.768175)","c(-73.768175, 40.595398)",Bayswater Playground,Park,Multi-Stall W/M Restrooms,40.598771,-73.767504,Year Round,Fully Accessible,0,1
IND,Rockaway,Beach 44th St,40.592943,-73.776013,Stair,YES,FULL,FALSE,TRUE,"(40.592943, -73.776013)","c(-73.776013, 40.592943)",Arverne East Nature Preserve,Park,Multi-Stall W/M Restrooms,40.592368,-73.775151,Year Round,Fully Accessible,0,1
IND,Rockaway,Beach 60th St,40.592374,-73.788522,Stair,YES,FULL,FALSE,TRUE,"(40.592374, -73.788522)","c(-73.788522, 40.592374)","Arverne Library, QPL",Library,Single-Stall All Gender Restroom(s),40.593155,-73.784041,Year Round,,1,1
IND,Rockaway,Beach 67th St,40.590927,-73.796924,Stair,YES,FULL,FALSE,TRUE,"(40.590927, -73.796924)","c(-73.796924, 40.590927)",Rockaway Beach 04c,Park,Multi-Stall W/M Restrooms,40.587522,-73.795711,Seasonal,Partially Accessible,0,1
IND,Rockaway,Beach 90th St,40.588034,-73.813641,Stair,YES,FULL,FALSE,TRUE,"(40.588034, -73.813641)","c(-73.813641, 40.588034)","Peninsula Library, QPL",Library,Single-Stall All Gender Restroom(s),40.585872,-73.816066,Year Round,,1,1
IND,Rockaway,Beach 98th St,40.585307,-73.820558,Stair,YES,FULL,FALSE,TRUE,"(40.585307, -73.820558)","c(-73.820558, 40.585307)",Rockaway Beach 06b,Park,,40.58297,-73.817549,Seasonal,,0,1
IND,Rockaway,Broad Channel,40.608382,-73.815925,Stair,YES,FULL,FALSE,TRUE,"(40.608382, -73.815925)","c(-73.815925, 40.608382)","Broad Channel Library, QPL",Library,Single-Stall All Gender Restroom(s),40.60074,-73.820054,Year Round,,1,1
IND,Rockaway,Far Rockaway-Mott Av,40.603995,-73.755405,Door,YES,FULL,FALSE,TRUE,"(40.603995, -73.755405)","c(-73.755405, 40.603995)","Far Rockaway Library, QPL",Library,Single-Stall All Gender Restroom(s),40.604322,-73.752481,Year Round,,0,0
IND,Rockaway,Howard Beach,40.660476,-73.830301,Elevator,YES,FULL,TRUE,TRUE,"(40.660476, -73.830301)","c(-73.830301, 40.660476)","Howard Beach Library, QPL",Library,Single-Stall All Gender Restroom(s),40.663819,-73.841804,Year Round,,1,1
IND,Rockaway,Rockaway Park-Beach 116th,40.580903,-73.835592,Door,YES,FULL,TRUE,TRUE,"(40.580903, -73.835592)","c(-73.835592, 40.580903)","Seaside Library, QPL",Library,Single-Stall All Gender Restroom(s),40.579413,-73.837748,Year Round,,1,0
BMT,Sea Beach,20th Av,40.61741,-73.985026,Door,YES,FULL,FALSE,TRUE,"(40.61741, -73.985026)","c(-73.985026, 40.61741)",Gravesend Park,Park,Multi-Stall W/M Restrooms,40.623984,-73.984921,Year Round,Fully Accessible,0,1
BMT,Sea Beach,New Utrecht Av,40.624842,-73.996353,Door,YES,FULL,FALSE,TRUE,"(40.624842, -73.996353)","c(-73.996353, 40.624842)","Mapleton Library, BPL",Library,,40.6231,-73.989442,Year Round,,0,0
BMT,West End,25th Av,40.597704,-73.986829,Stair,YES,FULL,FALSE,TRUE,"(40.597704, -73.986829)","c(-73.986829, 40.597704)","Ulmer Park Library, BPL",Library,Single-Stall All Gender Restroom(s),40.592693,-73.988629,Year Round,Fully Accessible,1,1
BMT,West End,55th St,40.631435,-73.995476,Stair,YES,FULL,FALSE,TRUE,"(40.631435, -73.995476)","c(-73.995476, 40.631435)",Rappaport Playground,Park,Multi-Stall W/M Restrooms,40.636784,-74.000795,Year Round,Not Accessible,0,1
BMT,West End,62nd St,40.626472,-73.996895,Stair,YES,NONE,FALSE,TRUE,"(40.626472, -73.996895)","c(-73.996895, 40.626472)","Mapleton Library, BPL",Library,,40.6231,-73.989442,Year Round,,0,0
BMT,West End,71st St,40.619589,-73.998864,Stair,YES,FULL,FALSE,TRUE,"(40.619589, -73.998864)","c(-73.998864, 40.619589)","Mapleton Library, BPL",Library,,40.6231,-73.989442,Year Round,,0,0
BMT,West End,9th Av,40.646292,-73.994324,Door,YES,FULL,FALSE,TRUE,"(40.646292, -73.994324)","c(-73.994324, 40.646292)",Sunset Park Playground,Park,Multi-Stall W/M Restrooms,40.647683,-74.005022,Year Round,Fully Accessible,0,1
BMT,West End,Bay 50th St,40.588841,-73.983765,Stair,YES,FULL,FALSE,TRUE,"(40.588841, -73.983765)","c(-73.983765, 40.588841)",Marlboro Playground,Park,Multi-Stall W/M Restrooms,40.591356,-73.981064,,Not Accessible,0,0
BMT,West End,Bay Parkway,40.601875,-73.993728,Stair,YES,FULL,FALSE,TRUE,"(40.601875, -73.993728)","c(-73.993728, 40.601875)",Bensonhurst Park,Park,Multi-Stall W/M Restrooms,40.597869,-74.000003,Year Round,Partially Accessible,0,1
IRT,White Plains Road,149th St-3rd Av,40.816109,-73.917757,Elevator,YES,FULL,TRUE,FALSE,"(40.816109, -73.917757)","c(-73.917757, 40.816109)",Clark Playground,Park,Multi-Stall W/M Restrooms,40.813973,-73.921217,Year Round,Fully Accessible,0,1
IRT,White Plains Road,174th St,40.837288,-73.887734,Stair,YES,FULL,FALSE,FALSE,"(40.837288, -73.887734)","c(-73.887734, 40.837288)",Crotona Park Lake,Park,,40.83813,-73.893439,Year Round,,0,1
IRT,White Plains Road,219th St,40.883895,-73.862633,Stair,YES,FULL,FALSE,TRUE,"(40.883895, -73.862633)","c(-73.862633, 40.883895)",Olinville Playground,Park,Multi-Stall W/M Restrooms,40.88433,-73.86701,Year Round,Fully Accessible,0,1
IRT,White Plains Road,225th St,40.888022,-73.860341,Stair,YES,FULL,FALSE,TRUE,"(40.888022, -73.860341)","c(-73.860341, 40.888022)",Rienzi Playground,Park,Multi-Stall W/M Restrooms,40.887635,-73.858784,Year Round,Fully Accessible,0,1
IRT,White Plains Road,233rd St,40.893193,-73.857473,Stair,YES,FULL,TRUE,TRUE,"(40.893193, -73.857473)","c(-73.857473, 40.893193)","Wakefield Library, NYPL",Library,Both Single-Stall All Gender and Multi-Stall W/M,40.891093,-73.859583,Year Round,Fully Accessible,,1
IRT,White Plains Road,238th St-Nereid Av,40.898379,-73.854376,Stair,YES,FULL,FALSE,TRUE,"(40.898379, -73.854376)","c(-73.854376, 40.898379)",Wakefield Playground,Park,Multi-Stall W/M Restrooms,40.901858,-73.854766,Year Round,Fully Accessible,0,1
IRT,White Plains Road,Allerton Av,40.865462,-73.867352,Stair,YES,FULL,FALSE,TRUE,"(40.865462, -73.867352)","c(-73.867352, 40.865462)",Zimmerman Playground,Park,Multi-Stall W/M Restrooms,40.866092,-73.868747,,Fully Accessible,0,0
IRT,White Plains Road,Bronx Park East,40.848828,-73.868457,Stair,YES,FULL,FALSE,TRUE,"(40.848828, -73.868457)","c(-73.868457, 40.848828)",Brady Playground,Park,Multi-Stall W/M Restrooms,40.851432,-73.868622,Year Round,Fully Accessible,0,1
IRT,White Plains Road,Burke Av,40.871356,-73.867164,Stair,YES,FULL,FALSE,TRUE,"(40.871356, -73.867164)","c(-73.867164, 40.871356)",Magenta Playground,Park,Multi-Stall W/M Restrooms,40.87355,-73.867834,Year Round,Fully Accessible,0,1
IRT,White Plains Road,East 180th St,40.841894,-73.873488,Door,YES,FULL,FALSE,TRUE,"(40.841894, -73.873488)","c(-73.873488, 40.841894)",River Park,Park,Multi-Stall W/M Restrooms,40.843174,-73.877344,Year Round,Fully Accessible,0,1
IRT,White Plains Road,East Tremont Av-West Farms Sq,40.840295,-73.880049,Escalator,YES,FULL,FALSE,TRUE,"(40.840295, -73.880049)","c(-73.880049, 40.840295)",River Park,Park,Multi-Stall W/M Restrooms,40.843174,-73.877344,Year Round,Fully Accessible,0,1
IRT,White Plains Road,Freeman St,40.829993,-73.891865,Stair,YES,FULL,FALSE,FALSE,"(40.829993, -73.891865)","c(-73.891865, 40.829993)",Rev J Polite Playground,Park,Multi-Stall W/M Restrooms,40.8269,-73.89781,Year Round,Fully Accessible,0,1
IRT,White Plains Road,Intervale Av,40.822181,-73.896736,Escalator,YES,FULL,FALSE,TRUE,"(40.822181, -73.896736)","c(-73.896736, 40.822181)",Horseshoe Playground,Park,Multi-Stall W/M Restrooms,40.824235,-73.897815,Year Round,Fully Accessible,0,1
IRT,White Plains Road,Jackson Av,40.81649,-73.907807,Stair,YES,FULL,FALSE,FALSE,"(40.81649, -73.907807)","c(-73.907807, 40.81649)",Captain Rivera Playground,Park,Multi-Stall W/M Restrooms,40.817949,-73.906798,Year Round,Fully Accessible,0,1
IRT,White Plains Road,Simpson St,40.824073,-73.893064,Elevator,YES,FULL,TRUE,FALSE,"(40.824073, -73.893064)","c(-73.893064, 40.824073)",Tiffany Playground,Park,Multi-Stall W/M Restrooms,40.824764,-73.894346,Year Round,Fully Accessible,0,1
IRT,White Plains Road,Wakefield-241st St,40.903125,-73.85062,Stair,YES,FULL,FALSE,TRUE,"(40.903125, -73.85062)","c(-73.85062, 40.903125)",Wakefield Playground,Park,Multi-Stall W/M Restrooms,40.901858,-73.854766,Year Round,Fully Accessible,0,1
IRT,Flushing,34 St Hudson Yards,40.755882,-74.00191,Elevator,YES,FULL,TRUE,TRUE,"(40.755882, -74.00191)","c(-74.00191, 40.755882)",Bella Abzug Park,Park,,40.75632,-73.99974,Year Round,,0,1
