division,line,station_name,entrance_type,vending,staffing,ada,free_crossover,station_location,geometry
BMT,4 Avenue,25th St,Stair,YES,FULL,FALSE,FALSE,"(40.660397, -73.998091)","c(-73.998091, 40.660397)"
BMT,4 Avenue,36th St,Stair,YES,FULL,FALSE,TRUE,"(40.655144, -74.003549)","c(-74.003549, 40.655144)"
BMT,4 Avenue,45th St,Stair,YES,FULL,FALSE,TRUE,"(40.648939, -74.010006)","c(-74.010006, 40.648939)"
BMT,4 Avenue,53rd St,Stair,YES,FULL,FALSE,TRUE,"(40.645069, -74.014034)","c(-74.014034, 40.645069)"
BMT,4 Avenue,59th St,Stair,YES,FULL,FALSE,TRUE,"(40.641362, -74.017881)","c(-74.017881, 40.641362)"
BMT,4 Avenue,77th St,Stair,YES,FULL,FALSE,TRUE,"(40.629742, -74.02551)","c(-74.02551, 40.629742)"
BMT,4 Avenue,86th St,Stair,YES,FULL,FALSE,TRUE,"(40.622687, -74.028398)","c(-74.028398, 40.622687)"
BMT,4 Avenue,95th St,Stair,YES,FULL,FALSE,TRUE,"(40.616622, -74.030876)","c(-74.030876, 40.616622)"
BMT,4 Avenue,9th St,Stair,YES,FULL,FALSE,TRUE,"(40.670847, -73.988302)","c(-73.988302, 40.670847)"
BMT,4 Avenue,Atlantic Av-Barclays Ctr,Elevator,YES,FULL,TRUE,TRUE,"(40.683666, -73.97881)","c(-73.97881, 40.683666)"
BMT,4 Avenue,Bay Ridge Av,Stair,YES,FULL,FALSE,TRUE,"(40.634967, -74.023377)","c(-74.023377, 40.634967)"
BMT,4 Avenue,DeKalb Av,Elevator,YES,FULL,TRUE,TRUE,"(40.690635, -73.981824)","c(-73.981824, 40.690635)"
BMT,4 Avenue,Pacific St,Stair,YES,FULL,TRUE,TRUE,"(40.683666, -73.97881)","c(-73.97881, 40.683666)"
BMT,4 Avenue,Prospect Av,Stair,YES,FULL,FALSE,FALSE,"(40.665414, -73.992872)","c(-73.992872, 40.665414)"
BMT,4 Avenue,Union St,Stair,YES,FULL,FALSE,FALSE,"(40.677316, -73.98311)","c(-73.98311, 40.677316)"
IRT,42nd St Shuttle,Grand Central,Easement,YES,NONE,TRUE,TRUE,"(40.752769, -73.979189)","c(-73.979189, 40.752769)"
IRT,42nd St Shuttle,Times Square,Stair,YES,NONE,FALSE,TRUE,"(40.755983, -73.986229)","c(-73.986229, 40.755983)"
IND,6 Avenue,14th St,Stair,YES,FULL,FALSE,TRUE,"(40.738228, -73.996209)","c(-73.996209, 40.738228)"
IND,6 Avenue,23rd St,Stair,YES,FULL,FALSE,FALSE,"(40.742878, -73.992821)","c(-73.992821, 40.742878)"
IND,6 Avenue,2nd Av,Stair,YES,FULL,FALSE,TRUE,"(40.723402, -73.989938)","c(-73.989938, 40.723402)"
IND,6 Avenue,34th St,Elevator,YES,FULL,TRUE,TRUE,"(40.749719, -73.987823)","c(-73.987823, 40.749719)"
IND,6 Avenue,42nd St,Easement,YES,FULL,FALSE,TRUE,"(40.754222, -73.984569)","c(-73.984569, 40.754222)"
IND,6 Avenue,47-50th Sts Rockefeller Center,Easement,YES,FULL,TRUE,TRUE,"(40.758663, -73.981329)","c(-73.981329, 40.758663)"
IND,6 Avenue,4th Av,Door,YES,FULL,FALSE,TRUE,"(40.670272, -73.989779)","c(-73.989779, 40.670272)"
IND,6 Avenue,57th St,Stair,YES,FULL,FALSE,TRUE,"(40.763972, -73.97745)","c(-73.97745, 40.763972)"
IND,6 Avenue,7th Av,Stair,NO,FULL,FALSE,TRUE,"(40.666271, -73.980305)","c(-73.980305, 40.666271)"
IND,6 Avenue,Bergen St,Stair,YES,FULL,FALSE,FALSE,"(40.686145, -73.990862)","c(-73.990862, 40.686145)"
IND,6 Avenue,Broadway-Lafayette St,Stair,YES,FULL,FALSE,TRUE,"(40.725297, -73.996204)","c(-73.996204, 40.725297)"
IND,6 Avenue,Carroll St,Stair,YES,FULL,FALSE,TRUE,"(40.680303, -73.995048)","c(-73.995048, 40.680303)"
IND,6 Avenue,Church Av,Stair,YES,FULL,TRUE,TRUE,"(40.644041, -73.979678)","c(-73.979678, 40.644041)"
IND,6 Avenue,Delancey St,Stair,YES,FULL,FALSE,TRUE,"(40.718611, -73.988114)","c(-73.988114, 40.718611)"
IND,6 Avenue,East Broadway,Stair,YES,FULL,FALSE,TRUE,"(40.713715, -73.990173)","c(-73.990173, 40.713715)"
IND,6 Avenue,Fort Hamilton Parkway,Stair,YES,FULL,FALSE,TRUE,"(40.650782, -73.975776)","c(-73.975776, 40.650782)"
IND,6 Avenue,Grand St,Stair,YES,FULL,FALSE,TRUE,"(40.718267, -73.993753)","c(-73.993753, 40.718267)"
IND,6 Avenue,Prospect Park-15 St,Stair,YES,FULL,FALSE,TRUE,"(40.660365, -73.979493)","c(-73.979493, 40.660365)"
IND,6 Avenue,Smith-9th St,Door,YES,FULL,FALSE,TRUE,"(40.67358, -73.995959)","c(-73.995959, 40.67358)"
IND,6 Avenue,York St,Stair,YES,FULL,FALSE,TRUE,"(40.699743, -73.986885)","c(-73.986885, 40.699743)"
IND,63rd Street,21st St,Elevator,YES,FULL,TRUE,TRUE,"(40.754203, -73.942836)","c(-73.942836, 40.754203)"
IND,63rd Street,Lexington Av,Elevator,YES,FULL,TRUE,TRUE,"(40.764627, -73.96611)","c(-73.96611, 40.764627)"
IND,63rd Street,Roosevelt Island,Door,YES,FULL,TRUE,TRUE,"(40.759145, -73.95326)","c(-73.95326, 40.759145)"
IND,8 Avenue,103rd St,Stair,YES,FULL,FALSE,TRUE,"(40.796092, -73.961454)","c(-73.961454, 40.796092)"
IND,8 Avenue,116th St,Stair,YES,FULL,FALSE,FALSE,"(40.805085, -73.954882)","c(-73.954882, 40.805085)"
IND,8 Avenue,125th St,Stair,YES,FULL,FALSE,TRUE,"(40.811109, -73.952343)","c(-73.952343, 40.811109)"
IND,8 Avenue,135th St,Stair,YES,FULL,FALSE,FALSE,"(40.817894, -73.947649)","c(-73.947649, 40.817894)"
IND,8 Avenue,145th St,Stair,YES,FULL,FALSE,TRUE,"(40.824783, -73.944216)","c(-73.944216, 40.824783)"
IND,8 Avenue,155th St,Stair,YES,FULL,FALSE,TRUE,"(40.830518, -73.941514)","c(-73.941514, 40.830518)"
IND,8 Avenue,163rd St - Amsterdam Av,Stair,YES,FULL,FALSE,FALSE,"(40.836013, -73.939892)","c(-73.939892, 40.836013)"
IND,8 Avenue,168th St - Washington Heights,Stair,YES,FULL,TRUE,TRUE,"(40.840719, -73.939561)","c(-73.939561, 40.840719)"
IND,8 Avenue,175th St,Elevator,YES,FULL,TRUE,TRUE,"(40.847391, -73.939704)","c(-73.939704, 40.847391)"
IND,8 Avenue,181st St,Door,YES,FULL,FALSE,TRUE,"(40.851695, -73.937969)","c(-73.937969, 40.851695)"
IND,8 Avenue,190th St,Door,YES,FULL,FALSE,TRUE,"(40.859022, -73.93418)","c(-73.93418, 40.859022)"
IND,8 Avenue,50th St,Easement,YES,FULL,TRUE,FALSE,"(40.762456, -73.985984)","c(-73.985984, 40.762456)"
IND,8 Avenue,72nd St,Stair,YES,FULL,FALSE,TRUE,"(40.775594, -73.97641)","c(-73.97641, 40.775594)"
IND,8 Avenue,81st St - Museum of Natural History,Stair,YES,FULL,FALSE,TRUE,"(40.781433, -73.972143)","c(-73.972143, 40.781433)"
IND,8 Avenue,96th St,Stair,YES,FULL,FALSE,TRUE,"(40.791646, -73.964699)","c(-73.964699, 40.791646)"
IND,8 Avenue,Broadway-Nassau,Easement,YES,FULL,FALSE,TRUE,"(40.710197, -74.007691)","c(-74.007691, 40.710197)"
IND,8 Avenue,Canal St,Stair,YES,FULL,FALSE,TRUE,"(40.720824, -74.005229)","c(-74.005229, 40.720824)"
IND,8 Avenue,Cathedral Parkway-110th St,Stair,YES,FULL,FALSE,TRUE,"(40.800605, -73.958158)","c(-73.958158, 40.800605)"
IND,8 Avenue,Chambers St,Stair,YES,FULL,FALSE,TRUE,"(40.714111, -74.008585)","c(-74.008585, 40.714111)"
IND,8 Avenue,Dyckman St-200th St,Easement,YES,FULL,FALSE,TRUE,"(40.865491, -73.927271)","c(-73.927271, 40.865491)"
IND,8 Avenue,High St,Stair,YES,FULL,FALSE,TRUE,"(40.699337, -73.990531)","c(-73.990531, 40.699337)"
IND,8 Avenue,Inwood - 207th St,Elevator,YES,FULL,TRUE,TRUE,"(40.868072, -73.919899)","c(-73.919899, 40.868072)"
IND,8 Avenue,Spring St,Stair,YES,FULL,FALSE,TRUE,"(40.726227, -74.003739)","c(-74.003739, 40.726227)"
IND,8 Avenue,West 4th St,Elevator,YES,FULL,TRUE,TRUE,"(40.732338, -74.000495)","c(-74.000495, 40.732338)"
IND,8 Avenue,World Trade Center,Stair,YES,FULL,TRUE,TRUE,"(40.712582, -74.009781)","c(-74.009781, 40.712582)"
IND,Archer Av,Jamaica-Van Wyck,Elevator,YES,FULL,FALSE,TRUE,"(40.702566, -73.816859)","c(-73.816859, 40.702566)"
IND,Archer Av,Parsons Blvd-Archer Av - Jamaica Center,Elevator,YES,FULL,TRUE,TRUE,"(40.702147, -73.801109)","c(-73.801109, 40.702147)"
IND,Archer Av,Sutphin Blvd-Archer Av - JFK,Stair,YES,FULL,TRUE,TRUE,"(40.700486, -73.807969)","c(-73.807969, 40.700486)"
BMT,Astoria,30 Av-Grand Av,Stair,YES,FULL,FALSE,TRUE,"(40.766779, -73.921479)","c(-73.921479, 40.766779)"
BMT,Astoria,36 Av-Washington Av,Stair,YES,FULL,FALSE,TRUE,"(40.756804, -73.929575)","c(-73.929575, 40.756804)"
BMT,Astoria,39 Av-Beebe Av,Stair,YES,FULL,FALSE,TRUE,"(40.752882, -73.932755)","c(-73.932755, 40.752882)"
BMT,Astoria,Astoria Blvd-Hoyt Av,Stair,YES,FULL,FALSE,TRUE,"(40.770258, -73.917843)","c(-73.917843, 40.770258)"
BMT,Astoria,Broadway,Stair,YES,FULL,FALSE,TRUE,"(40.76182, -73.925508)","c(-73.925508, 40.76182)"
BMT,Astoria,Ditmars Blvd,Stair,YES,FULL,FALSE,TRUE,"(40.775036, -73.912034)","c(-73.912034, 40.775036)"
BMT,Brighton,Atlantic Av,Easement,YES,NONE,TRUE,TRUE,"(40.68446, -73.97689)","c(-73.97689, 40.68446)"
BMT,Brighton,Av H,Door,YES,FULL,FALSE,TRUE,"(40.62927, -73.961639)","c(-73.961639, 40.62927)"
BMT,Brighton,Av J,Door,YES,FULL,FALSE,TRUE,"(40.625039, -73.960803)","c(-73.960803, 40.625039)"
BMT,Brighton,Av M,Door,YES,FULL,FALSE,TRUE,"(40.617618, -73.959399)","c(-73.959399, 40.617618)"
BMT,Brighton,Av U,Door,YES,FULL,FALSE,TRUE,"(40.5993, -73.955929)","c(-73.955929, 40.5993)"
BMT,Brighton,Beverly Rd,Door,YES,FULL,FALSE,TRUE,"(40.644031, -73.964492)","c(-73.964492, 40.644031)"
BMT,Brighton,Brighton Beach,Escalator,YES,FULL,FALSE,TRUE,"(40.577621, -73.961376)","c(-73.961376, 40.577621)"
BMT,Brighton,Cortelyou Rd,Door,YES,FULL,FALSE,TRUE,"(40.640927, -73.963891)","c(-73.963891, 40.640927)"
BMT,Brighton,Kings Highway,Door,YES,FULL,FALSE,TRUE,"(40.60867, -73.957734)","c(-73.957734, 40.60867)"
BMT,Brighton,Neck Rd,Door,YES,FULL,FALSE,TRUE,"(40.595246, -73.955161)","c(-73.955161, 40.595246)"
BMT,Brighton,Newkirk Av,Door,YES,FULL,FALSE,TRUE,"(40.635082, -73.962793)","c(-73.962793, 40.635082)"
BMT,Brighton,Ocean Parkway,Stair,YES,FULL,FALSE,TRUE,"(40.576312, -73.968501)","c(-73.968501, 40.576312)"
BMT,Brighton,Parkside Av,Door,YES,FULL,FALSE,TRUE,"(40.655292, -73.961495)","c(-73.961495, 40.655292)"
BMT,Brighton,Prospect Park,Door,YES,FULL,TRUE,TRUE,"(40.661614, -73.962246)","c(-73.962246, 40.661614)"
BMT,Brighton,Sheepshead Bay,Door,YES,FULL,FALSE,TRUE,"(40.586896, -73.954155)","c(-73.954155, 40.586896)"
BMT,Brighton,Stillwell Av,Stair,YES,NONE,TRUE,TRUE,"(40.577422, -73.981233)","c(-73.981233, 40.577422)"
BMT,Brighton,West 8th St,Ramp,NO,NONE,FALSE,TRUE,"(40.576127, -73.975939)","c(-73.975939, 40.576127)"
BMT,Broadway,28th St,Stair,YES,FULL,FALSE,FALSE,"(40.745494, -73.988691)","c(-73.988691, 40.745494)"
BMT,Broadway,49th St,Stair,YES,FULL,TRUE,FALSE,"(40.759901, -73.984139)","c(-73.984139, 40.759901)"
BMT,Broadway,5th Av,Stair,YES,FULL,FALSE,TRUE,"(40.764811, -73.973347)","c(-73.973347, 40.764811)"
BMT,Broadway,8th St,Stair,YES,FULL,FALSE,FALSE,"(40.730328, -73.992629)","c(-73.992629, 40.730328)"
BMT,Broadway,Canal St (UL),Stair,YES,NONE,FALSE,TRUE,"(40.719527, -74.001775)","c(-74.001775, 40.719527)"
BMT,Broadway,City Hall,Stair,YES,FULL,FALSE,TRUE,"(40.713282, -74.006978)","c(-74.006978, 40.713282)"
BMT,Broadway,Cortlandt St,Stair,NO,FULL,FALSE,TRUE,"(40.710668, -74.011029)","c(-74.011029, 40.710668)"
BMT,Broadway,Court St,Stair,YES,NONE,FALSE,TRUE,"(40.6941, -73.991777)","c(-73.991777, 40.6941)"
BMT,Broadway,Lawrence St,Stair,YES,FULL,FALSE,TRUE,"(40.69218, -73.985942)","c(-73.985942, 40.69218)"
BMT,Broadway,Prince St,Stair,YES,FULL,FALSE,FALSE,"(40.724329, -73.997702)","c(-73.997702, 40.724329)"
BMT,Broadway,Rector St,Stair,YES,FULL,FALSE,FALSE,"(40.70722, -74.013342)","c(-74.013342, 40.70722)"
BMT,Broadway,Times Square-42nd St,Stair,YES,NONE,TRUE,TRUE,"(40.754672, -73.986754)","c(-73.986754, 40.754672)"
BMT,Broadway,Union Square,Stair,YES,FULL,TRUE,TRUE,"(40.735736, -73.990568)","c(-73.990568, 40.735736)"
BMT,Broadway,Whitehall St,Stair,NO,FULL,FALSE,TRUE,"(40.703087, -74.012994)","c(-74.012994, 40.703087)"
BMT,Broadway Jamaica,104th St-102nd St,Stair,YES,FULL,FALSE,TRUE,"(40.695178, -73.84433)","c(-73.84433, 40.695178)"
BMT,Broadway Jamaica,111th St,Stair,YES,FULL,FALSE,TRUE,"(40.697418, -73.836345)","c(-73.836345, 40.697418)"
BMT,Broadway Jamaica,121st St,Stair,YES,FULL,FALSE,TRUE,"(40.700492, -73.828294)","c(-73.828294, 40.700492)"
BMT,Broadway Jamaica,Alabama Av,Stair,YES,FULL,FALSE,TRUE,"(40.676992, -73.898654)","c(-73.898654, 40.676992)"
BMT,Broadway Jamaica,Chauncey St,Stair,YES,FULL,FALSE,TRUE,"(40.682893, -73.910456)","c(-73.910456, 40.682893)"
BMT,Broadway Jamaica,Cleveland St,Stair,YES,FULL,FALSE,TRUE,"(40.679947, -73.884639)","c(-73.884639, 40.679947)"
BMT,Broadway Jamaica,Crescent St,Stair,YES,FULL,FALSE,TRUE,"(40.683194, -73.873785)","c(-73.873785, 40.683194)"
BMT,Broadway Jamaica,Cypress Hills,Stair,YES,FULL,FALSE,TRUE,"(40.689941, -73.87255)","c(-73.87255, 40.689941)"
BMT,Broadway Jamaica,Elderts Lane-75th St,Stair,YES,FULL,FALSE,TRUE,"(40.691324, -73.867139)","c(-73.867139, 40.691324)"
BMT,Broadway Jamaica,Flushing Av,Elevator,YES,FULL,TRUE,TRUE,"(40.70026, -73.941126)","c(-73.941126, 40.70026)"
BMT,Broadway Jamaica,Forest Parkway-85th St,Stair,YES,FULL,FALSE,TRUE,"(40.692435, -73.86001)","c(-73.86001, 40.692435)"
BMT,Broadway Jamaica,Gates Av,Stair,YES,FULL,FALSE,TRUE,"(40.68963, -73.92227)","c(-73.92227, 40.68963)"
BMT,Broadway Jamaica,Halsey St,Stair,YES,FULL,FALSE,TRUE,"(40.68637, -73.916559)","c(-73.916559, 40.68637)"
BMT,Broadway Jamaica,Hewes St,Stair,YES,FULL,FALSE,TRUE,"(40.70687, -73.953431)","c(-73.953431, 40.70687)"
BMT,Broadway Jamaica,Kosciusko St,Stair,YES,FULL,FALSE,TRUE,"(40.693342, -73.928814)","c(-73.928814, 40.693342)"
BMT,Broadway Jamaica,Lorimer St,Stair,YES,FULL,FALSE,TRUE,"(40.703869, -73.947408)","c(-73.947408, 40.703869)"
BMT,Broadway Jamaica,Marcy Av,Elevator,YES,FULL,TRUE,FALSE,"(40.708359, -73.957757)","c(-73.957757, 40.708359)"
BMT,Broadway Jamaica,Myrtle Av,Stair,YES,FULL,FALSE,TRUE,"(40.697207, -73.935657)","c(-73.935657, 40.697207)"
BMT,Broadway Jamaica,Norwood Av,Stair,YES,FULL,FALSE,TRUE,"(40.68141, -73.880039)","c(-73.880039, 40.68141)"
BMT,Broadway Jamaica,Van Siclen Av,Stair,YES,FULL,FALSE,TRUE,"(40.678024, -73.891688)","c(-73.891688, 40.678024)"
BMT,Broadway Jamaica,Woodhaven Blvd,Stair,YES,FULL,FALSE,TRUE,"(40.693879, -73.851576)","c(-73.851576, 40.693879)"
IRT,Broadway-7th Ave,116th St-Columbia University,Stair,YES,FULL,FALSE,TRUE,"(40.807722, -73.96411)","c(-73.96411, 40.807722)"
IRT,Broadway-7th Ave,137th St-City College,Stair,YES,FULL,FALSE,FALSE,"(40.822008, -73.953676)","c(-73.953676, 40.822008)"
IRT,Broadway-7th Ave,157th St,Stair,YES,FULL,FALSE,FALSE,"(40.834041, -73.94489)","c(-73.94489, 40.834041)"
IRT,Broadway-7th Ave,168th St,Stair,YES,NONE,FALSE,TRUE,"(40.840556, -73.940133)","c(-73.940133, 40.840556)"
IRT,Broadway-7th Ave,18th St,Stair,YES,FULL,FALSE,FALSE,"(40.74104, -73.997871)","c(-73.997871, 40.74104)"
IRT,Broadway-7th Ave,191st St,Door,YES,FULL,FALSE,TRUE,"(40.855225, -73.929412)","c(-73.929412, 40.855225)"
IRT,Broadway-7th Ave,207th St,Stair,YES,FULL,FALSE,FALSE,"(40.864614, -73.918819)","c(-73.918819, 40.864614)"
IRT,Broadway-7th Ave,215th St,Stair,YES,FULL,FALSE,FALSE,"(40.869444, -73.915279)","c(-73.915279, 40.869444)"
IRT,Broadway-7th Ave,231st St,Stair,YES,FULL,TRUE,FALSE,"(40.878856, -73.904834)","c(-73.904834, 40.878856)"
IRT,Broadway-7th Ave,238th St,Stair,YES,FULL,FALSE,FALSE,"(40.884667, -73.90087)","c(-73.90087, 40.884667)"
IRT,Broadway-7th Ave,59th St-Columbus Circle,Stair,YES,NONE,TRUE,TRUE,"(40.768247, -73.981929)","c(-73.981929, 40.768247)"
IRT,Broadway-7th Ave,66th St-Lincoln Center,Elevator,YES,FULL,TRUE,TRUE,"(40.77344, -73.982209)","c(-73.982209, 40.77344)"
IRT,Broadway-7th Ave,79th St,Stair,YES,FULL,FALSE,FALSE,"(40.783934, -73.979917)","c(-73.979917, 40.783934)"
IRT,Broadway-7th Ave,Christopher St,Stair,YES,FULL,FALSE,FALSE,"(40.733422, -74.002906)","c(-74.002906, 40.733422)"
IRT,Broadway-7th Ave,Dyckman St,Stair,YES,FULL,FALSE,TRUE,"(40.860531, -73.925536)","c(-73.925536, 40.860531)"
IRT,Broadway-7th Ave,Franklin St,Stair,YES,FULL,FALSE,FALSE,"(40.719318, -74.006886)","c(-74.006886, 40.719318)"
IRT,Broadway-7th Ave,Houston St,Stair,YES,FULL,FALSE,FALSE,"(40.728251, -74.005367)","c(-74.005367, 40.728251)"
IRT,Broadway-7th Ave,Marble Hill-225th St,Stair,YES,FULL,FALSE,FALSE,"(40.874561, -73.909831)","c(-73.909831, 40.874561)"
IRT,Broadway-7th Ave,South Ferry,Elevator,NO,FULL,TRUE,TRUE,"(40.702068, -74.013664)","c(-74.013664, 40.702068)"
IRT,Broadway-7th Ave,Van Cortlandt Park-242nd St,Stair,YES,FULL,FALSE,TRUE,"(40.889248, -73.898583)","c(-73.898583, 40.889248)"
BMT,Canarsie,1st Av,Stair,YES,FULL,FALSE,FALSE,"(40.730953, -73.981628)","c(-73.981628, 40.730953)"
BMT,Canarsie,3rd Av,Stair,YES,FULL,FALSE,FALSE,"(40.732849, -73.986122)","c(-73.986122, 40.732849)"
BMT,Canarsie,6th Av,Stair,YES,NONE,FALSE,TRUE,"(40.737335, -73.996786)","c(-73.996786, 40.737335)"
BMT,Canarsie,8th Av,Stair,YES,FULL,TRUE,TRUE,"(40.739777, -74.002578)","c(-74.002578, 40.739777)"
BMT,Canarsie,Bedford Av,Stair,YES,FULL,FALSE,TRUE,"(40.717304, -73.956872)","c(-73.956872, 40.717304)"
BMT,Canarsie,Bushwick Av,Door,YES,FULL,FALSE,TRUE,"(40.682829, -73.905249)","c(-73.905249, 40.682829)"
BMT,Canarsie,Canarsie - Rockaway Parkway,Door,YES,FULL,TRUE,TRUE,"(40.646654, -73.90185)","c(-73.90185, 40.646654)"
BMT,Canarsie,East 105th St,Stair,YES,FULL,FALSE,TRUE,"(40.650573, -73.899485)","c(-73.899485, 40.650573)"
BMT,Canarsie,Graham Av,Stair,YES,FULL,FALSE,FALSE,"(40.714565, -73.944053)","c(-73.944053, 40.714565)"
BMT,Canarsie,Jefferson St,Stair,YES,FULL,FALSE,TRUE,"(40.706607, -73.922913)","c(-73.922913, 40.706607)"
BMT,Canarsie,Livonia Av,Door,YES,FULL,FALSE,TRUE,"(40.664038, -73.900571)","c(-73.900571, 40.664038)"
BMT,Canarsie,Montrose Av,Stair,YES,FULL,FALSE,TRUE,"(40.707739, -73.93985)","c(-73.93985, 40.707739)"
BMT,Canarsie,Morgan Av,Stair,YES,FULL,FALSE,TRUE,"(40.706152, -73.933147)","c(-73.933147, 40.706152)"
BMT,Canarsie,New Lots Av,Stair,YES,FULL,FALSE,TRUE,"(40.658733, -73.899232)","c(-73.899232, 40.658733)"
BMT,Canarsie,Sutter Av,Stair,YES,FULL,FALSE,TRUE,"(40.669367, -73.901975)","c(-73.901975, 40.669367)"
BMT,Canarsie,Wilson Av,Stair,YES,FULL,FALSE,TRUE,"(40.688764, -73.904046)","c(-73.904046, 40.688764)"
IRT,Clark,Borough Hall,Elevator,YES,FULL,TRUE,TRUE,"(40.693219, -73.989998)","c(-73.989998, 40.693219)"
IRT,Clark,Clark St,Door,YES,FULL,FALSE,TRUE,"(40.697466, -73.993086)","c(-73.993086, 40.697466)"
IRT,Clark,Fulton St,Stair,YES,FULL,FALSE,TRUE,"(40.709416, -74.006571)","c(-74.006571, 40.709416)"
IRT,Clark,Park Place,Stair,YES,FULL,FALSE,TRUE,"(40.713051, -74.008811)","c(-74.008811, 40.713051)"
IRT,Clark,Wall St,Stair,YES,FULL,FALSE,TRUE,"(40.706821, -74.0091)","c(-74.0091, 40.706821)"
IND,Concourse,167th St,Stair,YES,FULL,FALSE,TRUE,"(40.833769, -73.918432)","c(-73.918432, 40.833769)"
IND,Concourse,170th St,Stair,YES,FULL,FALSE,TRUE,"(40.839306, -73.9134)","c(-73.9134, 40.839306)"
IND,Concourse,174-175th Sts,Door,YES,FULL,FALSE,TRUE,"(40.8459, -73.910136)","c(-73.910136, 40.8459)"
IND,Concourse,182nd-183rd Sts,Stair,YES,FULL,FALSE,TRUE,"(40.856093, -73.900741)","c(-73.900741, 40.856093)"
IND,Concourse,Bedford Park Blvd,Stair,YES,FULL,FALSE,TRUE,"(40.873244, -73.887138)","c(-73.887138, 40.873244)"
IND,Concourse,Fordham Rd,Stair,YES,FULL,FALSE,TRUE,"(40.861296, -73.897749)","c(-73.897749, 40.861296)"
IND,Concourse,Kingsbridge Rd,Stair,YES,FULL,FALSE,TRUE,"(40.866978, -73.893509)","c(-73.893509, 40.866978)"
IND,Concourse,Norwood-205th St,Stair,YES,FULL,FALSE,TRUE,"(40.874811, -73.878855)","c(-73.878855, 40.874811)"
IND,Concourse,Tremont Av,Stair,YES,FULL,FALSE,TRUE,"(40.85041, -73.905227)","c(-73.905227, 40.85041)"
IND,Concourse,Yankee Stadium-161st St,Elevator,YES,FULL,TRUE,TRUE,"(40.827905, -73.925651)","c(-73.925651, 40.827905)"
IND,Crosstown,Bedford-Nostrand Avs,Stair,YES,FULL,FALSE,TRUE,"(40.689627, -73.953522)","c(-73.953522, 40.689627)"
IND,Crosstown,Classon Av,Stair,YES,FULL,FALSE,TRUE,"(40.688873, -73.96007)","c(-73.96007, 40.688873)"
IND,Crosstown,Clinton-Washington Avs,Stair,YES,FULL,FALSE,TRUE,"(40.688089, -73.966839)","c(-73.966839, 40.688089)"
IND,Crosstown,Greenpoint Av,Stair,YES,FULL,FALSE,TRUE,"(40.731352, -73.954449)","c(-73.954449, 40.731352)"
IND,Crosstown,Long Island City-Court Square,Stair,YES,FULL,FALSE,TRUE,"(40.746554, -73.943832)","c(-73.943832, 40.746554)"
IND,Crosstown,Metropolitan Av,Stair,YES,FULL,FALSE,TRUE,"(40.712792, -73.951418)","c(-73.951418, 40.712792)"
IND,Crosstown,Myrtle-Willoughby Avs,Stair,YES,FULL,FALSE,TRUE,"(40.694568, -73.949046)","c(-73.949046, 40.694568)"
IND,Crosstown,Nassau Av,Stair,YES,FULL,FALSE,TRUE,"(40.724635, -73.951277)","c(-73.951277, 40.724635)"
IND,Culver,18th Av,Stair,YES,FULL,FALSE,TRUE,"(40.629755, -73.976971)","c(-73.976971, 40.629755)"
IND,Culver,Av I,Stair,YES,FULL,FALSE,TRUE,"(40.625322, -73.976127)","c(-73.976127, 40.625322)"
IND,Culver,Av N,Stair,YES,FULL,FALSE,TRUE,"(40.61514, -73.974197)","c(-73.974197, 40.61514)"
IND,Culver,Av P,Stair,YES,FULL,FALSE,TRUE,"(40.608944, -73.973022)","c(-73.973022, 40.608944)"
IND,Culver,Av X,Stair,YES,FULL,FALSE,TRUE,"(40.58962, -73.97425)","c(-73.97425, 40.58962)"
IND,Culver,Bay Parkway-22nd Av,Stair,YES,FULL,FALSE,TRUE,"(40.620769, -73.975264)","c(-73.975264, 40.620769)"
IND,Culver,Ditmas Av,Stair,YES,FULL,FALSE,TRUE,"(40.636119, -73.978172)","c(-73.978172, 40.636119)"
IND,Culver,Neptune Av-Van Siclen,Stair,YES,FULL,FALSE,TRUE,"(40.581011, -73.974574)","c(-73.974574, 40.581011)"
IRT,Dyre Av,Baychester Av,Door,NO,NONE,FALSE,TRUE,"(40.878663, -73.838591)","c(-73.838591, 40.878663)"
IRT,Dyre Av,Eastchester-Dyre Av,Door,YES,PART,FALSE,TRUE,"(40.8883, -73.830834)","c(-73.830834, 40.8883)"
IRT,Dyre Av,Gun Hill Rd,Easement,NO,NONE,FALSE,TRUE,"(40.869526, -73.846384)","c(-73.846384, 40.869526)"
IRT,Dyre Av,Morris Park,Door,YES,PART,FALSE,TRUE,"(40.854364, -73.860495)","c(-73.860495, 40.854364)"
IRT,Dyre Av,Pelham Parkway,Door,YES,PART,FALSE,TRUE,"(40.858985, -73.855359)","c(-73.855359, 40.858985)"
IRT,Eastern Parkway,Eastern Parkway-Brooklyn Museum,Stair,YES,FULL,FALSE,TRUE,"(40.671987, -73.964375)","c(-73.964375, 40.671987)"
IRT,Eastern Parkway,Franklin Av,Stair,YES,FULL,FALSE,TRUE,"(40.670682, -73.958131)","c(-73.958131, 40.670682)"
IRT,Eastern Parkway,Grand Army Plaza,Stair,YES,FULL,FALSE,TRUE,"(40.675235, -73.971046)","c(-73.971046, 40.675235)"
IRT,Eastern Parkway,Hoyt St,Stair,YES,FULL,FALSE,FALSE,"(40.690545, -73.985065)","c(-73.985065, 40.690545)"
IRT,Eastern Parkway,Kingston Av,Stair,YES,FULL,FALSE,TRUE,"(40.669399, -73.942161)","c(-73.942161, 40.669399)"
IRT,Eastern Parkway,Nevins St,Stair,YES,FULL,FALSE,FALSE,"(40.688246, -73.980492)","c(-73.980492, 40.688246)"
IRT,Eastern Parkway,Nostrand Av,Stair,YES,FULL,FALSE,TRUE,"(40.669847, -73.950466)","c(-73.950466, 40.669847)"
IRT,Eastern Parkway,Utica Av,Elevator,YES,FULL,TRUE,TRUE,"(40.668897, -73.932942)","c(-73.932942, 40.668897)"
IRT,Flushing,45 Rd-Court House Sq,Stair,YES,FULL,FALSE,TRUE,"(40.747023, -73.945264)","c(-73.945264, 40.747023)"
IRT,Flushing,82nd St-Jackson Heights,Stair,YES,FULL,FALSE,TRUE,"(40.747659, -73.883697)","c(-73.883697, 40.747659)"
IRT,Flushing,90th St Elmhurst,Stair,YES,FULL,FALSE,TRUE,"(40.748408, -73.876613)","c(-73.876613, 40.748408)"
IRT,Flushing,Bliss St-46th St,Stair,YES,FULL,FALSE,TRUE,"(40.743132, -73.918435)","c(-73.918435, 40.743132)"
IRT,Flushing,Broadway-74th St,Stair,YES,NONE,TRUE,TRUE,"(40.746848, -73.891394)","c(-73.891394, 40.746848)"
IRT,Flushing,Fisk Av-69th St,Stair,YES,FULL,FALSE,TRUE,"(40.746325, -73.896403)","c(-73.896403, 40.746325)"
IRT,Flushing,Flushing-Main St,Stair,YES,FULL,TRUE,TRUE,"(40.7596, -73.83003)","c(-73.83003, 40.7596)"
IRT,Flushing,Grand Central-42nd St,Easement,YES,NONE,TRUE,TRUE,"(40.751431, -73.976041)","c(-73.976041, 40.751431)"
IRT,Flushing,Hunters Point,Stair,YES,FULL,FALSE,TRUE,"(40.742216, -73.948916)","c(-73.948916, 40.742216)"
IRT,Flushing,Junction Blvd,Elevator,YES,FULL,TRUE,TRUE,"(40.749145, -73.869527)","c(-73.869527, 40.749145)"
IRT,Flushing,Lincoln Av-52nd St,Stair,YES,FULL,FALSE,TRUE,"(40.744149, -73.912549)","c(-73.912549, 40.744149)"
IRT,Flushing,Lowery St-40th St,Stair,YES,FULL,FALSE,TRUE,"(40.743781, -73.924016)","c(-73.924016, 40.743781)"
IRT,Flushing,Mets - Willets Point,Door,YES,FULL,FALSE,TRUE,"(40.754622, -73.845625)","c(-73.845625, 40.754622)"
IRT,Flushing,Queensboro Plaza,Easement,YES,FULL,FALSE,TRUE,"(40.750582, -73.940202)","c(-73.940202, 40.750582)"
IRT,Flushing,Rawson St-33rd St,Stair,YES,FULL,FALSE,TRUE,"(40.744587, -73.930997)","c(-73.930997, 40.744587)"
IRT,Flushing,Vernon Blvd-Jackson Av,Stair,YES,FULL,FALSE,FALSE,"(40.742626, -73.953581)","c(-73.953581, 40.742626)"
IRT,Flushing,Woodside Av-61st St,Escalator,YES,FULL,TRUE,TRUE,"(40.74563, -73.902984)","c(-73.902984, 40.74563)"
BMT,Franklin,Botanic Gardens,Stair,YES,FULL,FALSE,TRUE,"(40.670343, -73.959245)","c(-73.959245, 40.670343)"
IND,Fulton,Broadway Junction-East New York,Door,YES,FULL,FALSE,TRUE,"(40.678334, -73.905316)","c(-73.905316, 40.678334)"
IND,Fulton,Clinton & Washington Avs,Stair,YES,FULL,FALSE,FALSE,"(40.683263, -73.965838)","c(-73.965838, 40.683263)"
IND,Fulton,Euclid Av,Elevator,YES,FULL,TRUE,TRUE,"(40.675377, -73.872106)","c(-73.872106, 40.675377)"
IND,Fulton,Hoyt & Schermerhorn,Stair,YES,FULL,FALSE,TRUE,"(40.688484, -73.985001)","c(-73.985001, 40.688484)"
IND,Fulton,Jay St - Borough Hall,Easement,YES,FULL,FALSE,TRUE,"(40.692338, -73.987342)","c(-73.987342, 40.692338)"
IND,Fulton,Kingston-Throop,Stair,YES,FULL,FALSE,FALSE,"(40.679921, -73.940858)","c(-73.940858, 40.679921)"
IND,Fulton,Lafayette Av,Stair,YES,FULL,FALSE,FALSE,"(40.686113, -73.973946)","c(-73.973946, 40.686113)"
IND,Fulton,Liberty Av,Stair,YES,FULL,FALSE,TRUE,"(40.674542, -73.896548)","c(-73.896548, 40.674542)"
IND,Fulton,Ralph Av,Stair,YES,FULL,FALSE,TRUE,"(40.678822, -73.920786)","c(-73.920786, 40.678822)"
IND,Fulton,Rockaway Av,Stair,YES,FULL,FALSE,TRUE,"(40.67834, -73.911946)","c(-73.911946, 40.67834)"
IND,Fulton,Shepherd Av,Stair,YES,FULL,FALSE,TRUE,"(40.67413, -73.88075)","c(-73.88075, 40.67413)"
IRT,Jerome,138th St,Stair,YES,FULL,FALSE,TRUE,"(40.813224, -73.929849)","c(-73.929849, 40.813224)"
IRT,Jerome,149th St-Grand Concourse,Stair,YES,FULL,FALSE,TRUE,"(40.818375, -73.927351)","c(-73.927351, 40.818375)"
IRT,Jerome,176th St,Stair,YES,FULL,FALSE,TRUE,"(40.84848, -73.911794)","c(-73.911794, 40.84848)"
IRT,Jerome,183rd St,Stair,YES,FULL,FALSE,TRUE,"(40.858407, -73.903879)","c(-73.903879, 40.858407)"
IRT,Jerome,Bedford Park Blvd-Lehman College,Stair,YES,FULL,FALSE,TRUE,"(40.873412, -73.890064)","c(-73.890064, 40.873412)"
IRT,Jerome,Burnside Av,Stair,YES,FULL,FALSE,TRUE,"(40.853453, -73.907684)","c(-73.907684, 40.853453)"
IRT,Jerome,Mosholu Parkway,Stair,YES,FULL,FALSE,TRUE,"(40.87975, -73.884655)","c(-73.884655, 40.87975)"
IRT,Jerome,Mt Eden Av,Stair,YES,FULL,FALSE,TRUE,"(40.844434, -73.914685)","c(-73.914685, 40.844434)"
IRT,Jerome,Woodlawn,Stair,YES,FULL,FALSE,TRUE,"(40.886037, -73.878751)","c(-73.878751, 40.886037)"
IRT,Lenox,110th St-Central Park North,Stair,YES,FULL,FALSE,TRUE,"(40.799075, -73.951822)","c(-73.951822, 40.799075)"
IRT,Lenox,Harlem-148th St,Door,YES,FULL,FALSE,TRUE,"(40.82388, -73.93647)","c(-73.93647, 40.82388)"
IRT,Lexington,110th St,Stair,YES,FULL,FALSE,FALSE,"(40.79502, -73.94425)","c(-73.94425, 40.79502)"
IRT,Lexington,14th St-Union Square,Easement,YES,FULL,FALSE,TRUE,"(40.734673, -73.989951)","c(-73.989951, 40.734673)"
IRT,Lexington,33rd St,Stair,YES,FULL,FALSE,FALSE,"(40.746081, -73.982076)","c(-73.982076, 40.746081)"
IRT,Lexington,51st St,Stair,YES,FULL,TRUE,TRUE,"(40.757107, -73.97192)","c(-73.97192, 40.757107)"
IRT,Lexington,68th St-Hunter College,Door,YES,FULL,FALSE,TRUE,"(40.768141, -73.96387)","c(-73.96387, 40.768141)"
IRT,Lexington,Astor Place,Stair,YES,FULL,FALSE,FALSE,"(40.730054, -73.99107)","c(-73.99107, 40.730054)"
IRT,Lexington,Bleecker St,Stair,YES,FULL,FALSE,FALSE,"(40.725915, -73.994659)","c(-73.994659, 40.725915)"
IRT,Lexington,Bowling Green,Elevator,YES,FULL,TRUE,TRUE,"(40.704817, -74.014065)","c(-74.014065, 40.704817)"
IRT,Lexington,Brooklyn Bridge-City Hall,Stair,YES,FULL,TRUE,TRUE,"(40.712868, -74.004806)","c(-74.004806, 40.712868)"
IND,Liberty,104th St-Oxford Av,Stair,YES,FULL,FALSE,TRUE,"(40.681711, -73.837683)","c(-73.837683, 40.681711)"
IND,Liberty,111th St-Greenwood Av,Stair,YES,FULL,FALSE,TRUE,"(40.684331, -73.832163)","c(-73.832163, 40.684331)"
IND,Liberty,80th St-Hudson St,Stair,YES,FULL,FALSE,TRUE,"(40.679371, -73.858992)","c(-73.858992, 40.679371)"
IND,Liberty,88th St-Boyd Av,Stair,YES,FULL,FALSE,TRUE,"(40.679843, -73.85147)","c(-73.85147, 40.679843)"
IND,Liberty,Grant Av,Door,YES,FULL,FALSE,TRUE,"(40.677044, -73.86505)","c(-73.86505, 40.677044)"
IND,Liberty,Lefferts Blvd,Stair,YES,FULL,FALSE,TRUE,"(40.685951, -73.825798)","c(-73.825798, 40.685951)"
IND,Liberty,Rockaway Blvd,Stair,YES,FULL,FALSE,TRUE,"(40.680429, -73.843853)","c(-73.843853, 40.680429)"
BMT,Myrtle,Central Av,Stair,YES,FULL,FALSE,TRUE,"(40.697857, -73.927397)","c(-73.927397, 40.697857)"
BMT,Myrtle,Forest Av,Stair,YES,FULL,FALSE,TRUE,"(40.704423, -73.903077)","c(-73.903077, 40.704423)"
BMT,Myrtle,Fresh Pond Rd,Stair,YES,FULL,FALSE,TRUE,"(40.706186, -73.895877)","c(-73.895877, 40.706186)"
BMT,Myrtle,Knickerbocker Av,Stair,YES,FULL,FALSE,TRUE,"(40.698664, -73.919711)","c(-73.919711, 40.698664)"
BMT,Myrtle,Seneca Av,Stair,YES,FULL,FALSE,TRUE,"(40.702762, -73.90774)","c(-73.90774, 40.702762)"
BMT,Nassau,Bowery,Stair,YES,FULL,FALSE,TRUE,"(40.72028, -73.993915)","c(-73.993915, 40.72028)"
BMT,Nassau,Broad St,Stair,YES,NONE,FALSE,TRUE,"(40.706476, -74.011056)","c(-74.011056, 40.706476)"
BMT,Nassau,Essex St,Stair,YES,FULL,FALSE,TRUE,"(40.718315, -73.987437)","c(-73.987437, 40.718315)"
IRT,New Lots,Junius St,Stair,YES,FULL,FALSE,TRUE,"(40.663515, -73.902447)","c(-73.902447, 40.663515)"
IRT,New Lots,Pennsylvania Av,Stair,YES,FULL,FALSE,TRUE,"(40.664635, -73.894895)","c(-73.894895, 40.664635)"
IRT,New Lots,Saratoga Av,Stair,YES,FULL,FALSE,TRUE,"(40.661453, -73.916327)","c(-73.916327, 40.661453)"
IRT,Nostrand,Flatbush Av-Brooklyn College,Elevator,YES,FULL,TRUE,TRUE,"(40.632836, -73.947642)","c(-73.947642, 40.632836)"
IRT,Nostrand,President St,Stair,YES,FULL,FALSE,TRUE,"(40.667883, -73.950683)","c(-73.950683, 40.667883)"
IRT,Nostrand,Sterling St,Stair,YES,FULL,FALSE,TRUE,"(40.662742, -73.95085)","c(-73.95085, 40.662742)"
IRT,Nostrand,Winthrop St,Stair,YES,FULL,FALSE,FALSE,"(40.656652, -73.9502)","c(-73.9502, 40.656652)"
IRT,Pelham,138th St-3rd Ave,Stair,YES,FULL,FALSE,TRUE,"(40.810476, -73.926138)","c(-73.926138, 40.810476)"
IRT,Pelham,Brook Av,Stair,YES,FULL,FALSE,FALSE,"(40.807566, -73.91924)","c(-73.91924, 40.807566)"
IRT,Pelham,Buhre Av,Stair,YES,FULL,FALSE,FALSE,"(40.84681, -73.832569)","c(-73.832569, 40.84681)"
IRT,Pelham,Castle Hill Av,Stair,YES,FULL,FALSE,TRUE,"(40.834255, -73.851222)","c(-73.851222, 40.834255)"
IRT,Pelham,Cypress Av,Stair,YES,FULL,FALSE,FALSE,"(40.805368, -73.914042)","c(-73.914042, 40.805368)"
IRT,Pelham,East 143rd St-St Mary's St,Stair,YES,FULL,FALSE,FALSE,"(40.808719, -73.907657)","c(-73.907657, 40.808719)"
IRT,Pelham,East 149th St,Stair,YES,FULL,FALSE,FALSE,"(40.812118, -73.904098)","c(-73.904098, 40.812118)"
IRT,Pelham,Elder Av,Stair,YES,FULL,FALSE,TRUE,"(40.828584, -73.879159)","c(-73.879159, 40.828584)"
IRT,Pelham,Hunts Point Av,Stair,YES,FULL,FALSE,TRUE,"(40.820948, -73.890549)","c(-73.890549, 40.820948)"
IRT,Pelham,Longwood Av,Stair,YES,FULL,FALSE,FALSE,"(40.816104, -73.896435)","c(-73.896435, 40.816104)"
IRT,Pelham,Middletown Rd,Stair,YES,FULL,FALSE,TRUE,"(40.843863, -73.836322)","c(-73.836322, 40.843863)"
IRT,Pelham,Morrison Av-Soundview Av,Stair,YES,FULL,FALSE,TRUE,"(40.829521, -73.874516)","c(-73.874516, 40.829521)"
IRT,Pelham,Parkchester-East 177th St,Stair,YES,FULL,FALSE,TRUE,"(40.833226, -73.860816)","c(-73.860816, 40.833226)"
IRT,Pelham,Pelham Bay Park,Door,YES,FULL,TRUE,TRUE,"(40.852462, -73.828121)","c(-73.828121, 40.852462)"
IRT,Pelham,St Lawrence Av,Stair,YES,FULL,FALSE,TRUE,"(40.831509, -73.867618)","c(-73.867618, 40.831509)"
IRT,Pelham,Westchester Square-East Tremont Av,Stair,YES,FULL,FALSE,TRUE,"(40.839892, -73.842952)","c(-73.842952, 40.839892)"
IRT,Pelham,Whitlock Av,Stair,YES,FULL,FALSE,TRUE,"(40.826525, -73.886283)","c(-73.886283, 40.826525)"
IRT,Pelham,Zerega Av,Stair,YES,FULL,FALSE,TRUE,"(40.836488, -73.847036)","c(-73.847036, 40.836488)"
IND,Queens Boulevard,169th St,Stair,YES,FULL,FALSE,TRUE,"(40.71047, -73.793604)","c(-73.793604, 40.71047)"
IND,Queens Boulevard,23rd St-Ely Av,Easement,YES,FULL,FALSE,TRUE,"(40.747846, -73.946)","c(-73.946, 40.747846)"
IND,Queens Boulevard,46th St,Stair,YES,FULL,FALSE,FALSE,"(40.756312, -73.913333)","c(-73.913333, 40.756312)"
IND,Queens Boulevard,5th Av-53rd St,Easement,YES,FULL,FALSE,TRUE,"(40.760167, -73.975224)","c(-73.975224, 40.760167)"
IND,Queens Boulevard,63rd Drive-Rego Park,Stair,YES,FULL,FALSE,TRUE,"(40.729846, -73.861604)","c(-73.861604, 40.729846)"
IND,Queens Boulevard,65th St,Stair,YES,FULL,FALSE,TRUE,"(40.749669, -73.898453)","c(-73.898453, 40.749669)"
IND,Queens Boulevard,67th Av,Stair,YES,FULL,FALSE,TRUE,"(40.726523, -73.852719)","c(-73.852719, 40.726523)"
IND,Queens Boulevard,75th Av,Stair,YES,FULL,FALSE,FALSE,"(40.718331, -73.837324)","c(-73.837324, 40.718331)"
IND,Queens Boulevard,Briarwood-Van Wyck Blvd,Stair,YES,FULL,FALSE,FALSE,"(40.709179, -73.820574)","c(-73.820574, 40.709179)"
IND,Queens Boulevard,Elmhurst Av,Stair,NO,FULL,FALSE,FALSE,"(40.742454, -73.882017)","c(-73.882017, 40.742454)"
IND,Queens Boulevard,Forest Hills-71st Av,Stair,YES,FULL,FALSE,TRUE,"(40.721691, -73.844521)","c(-73.844521, 40.721691)"
IND,Queens Boulevard,Grand Av-Newtown,Stair,YES,FULL,FALSE,TRUE,"(40.737015, -73.877223)","c(-73.877223, 40.737015)"
IND,Queens Boulevard,Jackson Heights-Roosevelt Ave,Door,YES,FULL,TRUE,TRUE,"(40.746644, -73.891338)","c(-73.891338, 40.746644)"
IND,Queens Boulevard,Jamaica-179th St,Elevator,YES,FULL,TRUE,TRUE,"(40.712646, -73.783817)","c(-73.783817, 40.712646)"
IND,Queens Boulevard,Kew Gardens-Union Turnpike,Elevator,YES,FULL,TRUE,TRUE,"(40.714441, -73.831008)","c(-73.831008, 40.714441)"
IND,Queens Boulevard,Lexington Av-53rd St,Easement,YES,FULL,TRUE,TRUE,"(40.757552, -73.969055)","c(-73.969055, 40.757552)"
IND,Queens Boulevard,Northern Blvd,Stair,YES,FULL,FALSE,FALSE,"(40.752885, -73.906006)","c(-73.906006, 40.752885)"
IND,Queens Boulevard,Parsons Blvd,Stair,YES,FULL,FALSE,TRUE,"(40.707564, -73.803326)","c(-73.803326, 40.707564)"
IND,Queens Boulevard,Queens Plaza,Stair,YES,FULL,TRUE,TRUE,"(40.748973, -73.937243)","c(-73.937243, 40.748973)"
IND,Queens Boulevard,Steinway St,Stair,YES,FULL,FALSE,TRUE,"(40.756879, -73.92074)","c(-73.92074, 40.756879)"
IND,Queens Boulevard,Sutphin Blvd,Stair,YES,FULL,FALSE,TRUE,"(40.70546, -73.810708)","c(-73.810708, 40.70546)"
IND,Rockaway,Aqueduct Racetrack,Ramp,NO,NONE,FALSE,FALSE,"(40.672131, -73.835812)","c(-73.835812, 40.672131)"
IND,Rockaway,Aqueduct-North Conduit Av,Door,YES,FULL,FALSE,TRUE,"(40.668234, -73.834058)","c(-73.834058, 40.668234)"
IND,Rockaway,Beach 105th St,Stair,YES,FULL,FALSE,TRUE,"(40.583209, -73.827559)","c(-73.827559, 40.583209)"
IND,Rockaway,Beach 25th St,Stair,YES,FULL,FALSE,TRUE,"(40.600066, -73.761353)","c(-73.761353, 40.600066)"
IND,Rockaway,Beach 36th St,Stair,YES,FULL,FALSE,TRUE,"(40.595398, -73.768175)","c(-73.768175, 40.595398)"
IND,Rockaway,Beach 44th St,Stair,YES,FULL,FALSE,TRUE,"(40.592943, -73.776013)","c(-73.776013, 40.592943)"
IND,Rockaway,Beach 60th St,Stair,YES,FULL,FALSE,TRUE,"(40.592374, -73.788522)","c(-73.788522, 40.592374)"
IND,Rockaway,Beach 67th St,Stair,YES,FULL,FALSE,TRUE,"(40.590927, -73.796924)","c(-73.796924, 40.590927)"
IND,Rockaway,Beach 90th St,Stair,YES,FULL,FALSE,TRUE,"(40.588034, -73.813641)","c(-73.813641, 40.588034)"
IND,Rockaway,Beach 98th St,Stair,YES,FULL,FALSE,TRUE,"(40.585307, -73.820558)","c(-73.820558, 40.585307)"
IND,Rockaway,Broad Channel,Stair,YES,FULL,FALSE,TRUE,"(40.608382, -73.815925)","c(-73.815925, 40.608382)"
IND,Rockaway,Far Rockaway-Mott Av,Door,YES,FULL,FALSE,TRUE,"(40.603995, -73.755405)","c(-73.755405, 40.603995)"
IND,Rockaway,Howard Beach,Elevator,YES,FULL,TRUE,TRUE,"(40.660476, -73.830301)","c(-73.830301, 40.660476)"
IND,Rockaway,Rockaway Park-Beach 116th,Door,YES,FULL,TRUE,TRUE,"(40.580903, -73.835592)","c(-73.835592, 40.580903)"
BMT,Sea Beach,20th Av,Door,YES,FULL,FALSE,TRUE,"(40.61741, -73.985026)","c(-73.985026, 40.61741)"
BMT,Sea Beach,New Utrecht Av,Door,YES,FULL,FALSE,TRUE,"(40.624842, -73.996353)","c(-73.996353, 40.624842)"
BMT,West End,25th Av,Stair,YES,FULL,FALSE,TRUE,"(40.597704, -73.986829)","c(-73.986829, 40.597704)"
BMT,West End,55th St,Stair,YES,FULL,FALSE,TRUE,"(40.631435, -73.995476)","c(-73.995476, 40.631435)"
BMT,West End,62nd St,Stair,YES,NONE,FALSE,TRUE,"(40.626472, -73.996895)","c(-73.996895, 40.626472)"
BMT,West End,71st St,Stair,YES,FULL,FALSE,TRUE,"(40.619589, -73.998864)","c(-73.998864, 40.619589)"
BMT,West End,9th Av,Door,YES,FULL,FALSE,TRUE,"(40.646292, -73.994324)","c(-73.994324, 40.646292)"
BMT,West End,Bay 50th St,Stair,YES,FULL,FALSE,TRUE,"(40.588841, -73.983765)","c(-73.983765, 40.588841)"
BMT,West End,Bay Parkway,Stair,YES,FULL,FALSE,TRUE,"(40.601875, -73.993728)","c(-73.993728, 40.601875)"
IRT,White Plains Road,149th St-3rd Av,Elevator,YES,FULL,TRUE,FALSE,"(40.816109, -73.917757)","c(-73.917757, 40.816109)"
IRT,White Plains Road,174th St,Stair,YES,FULL,FALSE,FALSE,"(40.837288, -73.887734)","c(-73.887734, 40.837288)"
IRT,White Plains Road,219th St,Stair,YES,FULL,FALSE,TRUE,"(40.883895, -73.862633)","c(-73.862633, 40.883895)"
IRT,White Plains Road,225th St,Stair,YES,FULL,FALSE,TRUE,"(40.888022, -73.860341)","c(-73.860341, 40.888022)"
IRT,White Plains Road,233rd St,Stair,YES,FULL,TRUE,TRUE,"(40.893193, -73.857473)","c(-73.857473, 40.893193)"
IRT,White Plains Road,238th St-Nereid Av,Stair,YES,FULL,FALSE,TRUE,"(40.898379, -73.854376)","c(-73.854376, 40.898379)"
IRT,White Plains Road,Allerton Av,Stair,YES,FULL,FALSE,TRUE,"(40.865462, -73.867352)","c(-73.867352, 40.865462)"
IRT,White Plains Road,Bronx Park East,Stair,YES,FULL,FALSE,TRUE,"(40.848828, -73.868457)","c(-73.868457, 40.848828)"
IRT,White Plains Road,Burke Av,Stair,YES,FULL,FALSE,TRUE,"(40.871356, -73.867164)","c(-73.867164, 40.871356)"
IRT,White Plains Road,East 180th St,Door,YES,FULL,FALSE,TRUE,"(40.841894, -73.873488)","c(-73.873488, 40.841894)"
IRT,White Plains Road,East Tremont Av-West Farms Sq,Escalator,YES,FULL,FALSE,TRUE,"(40.840295, -73.880049)","c(-73.880049, 40.840295)"
IRT,White Plains Road,Freeman St,Stair,YES,FULL,FALSE,FALSE,"(40.829993, -73.891865)","c(-73.891865, 40.829993)"
IRT,White Plains Road,Intervale Av,Escalator,YES,FULL,FALSE,TRUE,"(40.822181, -73.896736)","c(-73.896736, 40.822181)"
IRT,White Plains Road,Jackson Av,Stair,YES,FULL,FALSE,FALSE,"(40.81649, -73.907807)","c(-73.907807, 40.81649)"
IRT,White Plains Road,Simpson St,Elevator,YES,FULL,TRUE,FALSE,"(40.824073, -73.893064)","c(-73.893064, 40.824073)"
IRT,White Plains Road,Wakefield-241st St,Stair,YES,FULL,FALSE,TRUE,"(40.903125, -73.85062)","c(-73.85062, 40.903125)"
IRT,Flushing,34 St Hudson Yards,Elevator,YES,FULL,TRUE,TRUE,"(40.755882, -74.00191)","c(-74.00191, 40.755882)"
